url,lastmod_raw,lastmod_iso
https://444.hu/2025/11/02/irani-elnok-a-nuklearis-letesitmenyeket-ujjaepitjuk-es-meg-jobbak-is-lesznek-mint-korabban,,
https://444.hu/2025/11/02/hanko-balazs-a-debreceni-egyetemen-hidd-el-nem-jo-azt-olvasni-hogy-hanko-bunko-balazs-jon-ide-forumot-tartani,,
https://444.hu/2025/11/02/dohanygyar6-gazmaffia-korhintacsalasok-es-ami-ciki-lehet-a-nav-nak,,
https://444.hu/2025/11/02/igy-emlekeztek-budapesten-az-ujvideki-tragedia-evfordulojan-azok-a-magyar-fiatalok-akiket-kitiltottak-szerbiabol,,
https://444.hu/2025/11/02/a-fovaros-vitezy-javaslatara-megkiserli-eltakaritani-a-rusnya-telefonfulkeket,,
https://444.hu/2025/11/02/ujra-lesz-forrodrot-az-amerikai-es-a-kinai-hadsereg-kozott,,
https://444.hu/2025/11/02/sajat-keszitesu-kismeretu-bombakkal-terrorizalta-a-szomszedjat-a-nagykorosi-ferfi,,
https://444.hu/2025/11/02/donald-trump-katonai-beavatkozassal-fenyegeti-nigeriat,,
https://444.hu/2025/11/02/magyarorszag-nem-fejezte-ki-reszvetet-az-ujvideki-tragedia-evfordulojan-szerbianak-egyedulikent-az-eu-ban,,
https://444.hu/2025/11/02/keses-amokfutas-tortent-egy-vonaton-az-egyesult-kiralysagban-tiz-embert-szallitottak-korhazba,,
https://444.hu/2025/11/01/sok-gyujtonek-a-csalad-es-a-gyujtemeny-kozott-kell-valasztania,,
https://444.hu/2025/11/01/jozan-eszre-cserelte-a-fidesz-a-harcosok-orajat,,
https://444.hu/2025/11/01/tizezrek-vonultak-utcara-az-ujvideki-tragedia-evfordulojan,,
https://444.hu/2025/11/01/visszafogottan-reagalt-a-magyar-kulugy-arra-hogy-magyar-diakokat-minositettek-nemzetbiztonsagi-fenyegetesnek-a-szerb-hataron,,
https://444.hu/2025/11/01/a-nagy-ekszerrablas-7-perc-ami-megrazta-franciaorszagot,,
https://444.hu/2025/11/01/az-uj-ir-elnok-levaltana-az-angol-nyelvet-a-hivatalaban,,
https://444.hu/2025/11/01/nemzetbiztonsagi-fenyegetesnek-minositettek-a-magyar-egyetemistakat-a-szerb-hataron,,
https://444.hu/2025/11/01/droggal-kaptak-el-a-rendorok-t-dannyt,,
https://444.hu/2025/11/01/tobb-ezren-tuntettek-a-brazil-rendorseg-leghalalosabb-akcioja-ellen,,
https://444.hu/2025/11/01/az-a-dolgom-hogy-a-zenet-amit-szeretek-megosszam-masokkal-is-utcazenesz-lazadas-oroszorszagban,,
https://444.hu/2025/11/01/mikozben-tobb-szaz-tunteto-halhatott-meg-kihirdettek-hogy-tanzania-eddigi-elnoke-csaknem-98-szazalekkal-nyert-a-valasztason,,
https://444.hu/2025/11/01/hirtelen-orszagos-gyasznappa-nyilvanitotta-a-szerb-kormany-az-ujvideki-tragedia-evfordulojat,,
https://444.hu/2025/11/01/meghalt-egy-80-eves-no-akit-ottfelejtett-a-luxushajo-egy-lakatlan-szigeten,,
https://444.hu/2025/11/01/harrison-ford-nem-ismerek-trumpnal-nagyobb-bunozot-a-tortenelemben,,
https://444.hu/2025/11/01/borizu-hang-244-hossz-magico-gonzalez-tomahawkja-a-14-havi-nyugdij-ellen,,
https://444.hu/2025/11/01/hiaba-tiltotta-be-a-zebegenyi-polgarmester-a-halloweent-megcsinaltak-illegalban,,
https://444.hu/2025/11/01/a-hercegi-cimetol-megfosztott-andrasnak-nem-kell-kapkodnia-a-koltozessel,,
https://444.hu/2025/11/01/nem-halad-orban-tavaszi-nagytakaritasa,,
https://444.hu/2025/11/01/nem-illik-a-korszakhoz-a-zold-csempe-marvanyba-burkoltatta-lincoln-furdoszobajat-donald-trump,,
https://444.hu/2025/11/01/hetvegi-olvasnivalok-vasban-levo-ferfiakrol-ai-kamukrol-dronokra-szerelt-fegyverekrol,,
https://444.hu/2025/11/01/azonnali-hatallyal-kirugta-a-zte-a-kosarast-aki-megutott-egy-szurkolot,,
https://444.hu/kepek/2025/11/01/ezt-mar-csak-xanaxszal-lehet-kibirni,,
https://444.hu/2025/10/31/a-mav-mar-azt-sem-tudja-garantalni-hogy-elegendo-kocsival-indulnak-el-a-vonatok,,
https://444.hu/2025/10/31/egyiptomba-utazik-orban-viktor,,
https://444.hu/2025/10/31/trump-orban-felmentest-kert-az-orosz-olajra-vonatkozo-szankciok-alol-de-mi-nem-adtuk-meg-neki,,
https://444.hu/2025/10/31/harom-ferfi-felvaltva-eroszakolt-meg-egy-18-eves-not-szegeden,,
https://444.hu/2025/10/31/dontott-a-pentagon-ukrajna-megkaphatja-a-tomahawk-raketakat-mar-csak-trumpon-mulik-minden,,
https://444.hu/kepek/2025/10/31/ezek-a-fiuk-akik-vasban-vannak-nem-szarral-gurigaznak,,
https://444.hu/2025/10/31/bepanikoltak-a-szlovakok-hogy-megbuntethetik-oket-ha-futnak-a-busz-utan,,
https://444.hu/2025/10/31/orban-ezuttal-is-felkerult-a-sajtoszabadsag-ellensegeinek-feketelistajara,,
https://444.hu/2025/10/31/vege-a-20-fokoknak-jovo-heten-bejelentkezik-az-esos-hideg,,
https://444.hu/2025/10/31/foldhoz-vagta-siro-kisfiat-14-ev-fegyhazat-kapott-elso-fokon-a-pecsi-no,,
https://444.hu/2025/10/31/beragadt-a-kamion-a-sorompok-koze-a-nagy-sebesseggel-erkezo-vonat-kortebombat-csinalt-a-rakomanybol,,
https://444.hu/2025/10/31/lukasenko-most-azt-allitja-roman-protaszevics-nem-ellenzeki-ujsagiro-aktivista-hanem-feherorosz-hirszerzo-volt,,
https://444.hu/2025/10/31/leallt-a-teljes-vasuti-kozlekedes-szerbiaban-bombariado-miatt,,
https://444.hu/2025/10/31/trump-miniszterelnoke-akit-egyszerre-hasonlitanak-goebbelshez-es-sztalinhoz,,
https://444.hu/2025/10/31/rejtett-kamerakon-keresztul-kukkolta-a-foberlo-ahogy-furdenek-a-berloi,,
https://444.hu/2025/10/31/a-het-legidiotabb-politikai-balheja-joy-division-polo-miatt-vadoljak-antiszemitizmussal-az-ausztral-miniszterelnokot,,
https://444.hu/2025/10/31/kiakadt-a-bankszovetseg-mert-a-kormany-duplajara-emelne-az-ingyenes-keszpenzfelvetel-limitjet,,
https://444.hu/2025/10/31/konferencialiga-dontot-rendezne-budapesten-az-mlsz,,
https://444.hu/2025/10/31/magyar-peter-valasztasi-etikai-kodex-alairasat-keri-a-partok-vezetoitol,,
https://444.hu/2025/10/31/trukkosen-de-a-szankciok-ellenere-tovabbra-is-veszi-az-orosz-olajat-india,,
https://444.hu/2025/10/31/wsj-mar-azt-mutogatjak-trumpnak-hogy-melyik-venezuelai-repuloterre-erdemes-bombat-dobni,,
https://444.hu/2025/10/31/az-ukranok-azt-allitjak-hogy-teljesen-megsemmisitettek-egy-orosz-oresnyik-raketarendszert,,
https://444.hu/2025/10/31/egy-szemelyes-tortenet-56-rol-a-jeti-moziban,,
https://444.hu/2025/10/31/aranyszinu-sargasag-a-megmuveletlen-szoloultetvenyeket-mostantol-zaros-hataridon-belul-kivagjak,,
https://444.hu/2025/10/31/attorte-a-hatarsorompot-ugy-menekult-magyarorszagra-egy-beregszaszi-ugyved,,
https://444.hu/2025/10/31/lazar-janos-varga-judit-ahol-van-ott-altalaban-baj-szokott-tortenni,,
https://444.hu/2025/10/31/lazar-a-strabagosok-beszalltak-a-magyarorszagi-valasztasi-kampanyba,,
https://444.hu/kepek/2025/10/31/parades-zsenialis-dobbenetesen-ikonikus-visszafogott-objektiv-ertekeles-a-444-turktudatu-gasztromatinejarol,,
https://444.hu/2025/10/31/gyermekotthon-lakoit-kornyekezte-meg-a-pedofil-aki-majusban-a-harcosok-klubja-vendege-volt,,
https://444.hu/2025/10/31/ujabb-foldeket-vasarolt-a-meszaros-csalad-csongrad-megyeben-ezuttal-447-millio-forintert,,
https://444.hu/2025/10/31/igy-nezett-ki-a-nagykalloi-kozmeghallgatason-ciganyviccc-miatt-kitort-viperas-tomegverekedes,,
https://444.hu/2025/10/31/falusi-oregek-vs-varosi-fiatalok-es-kozepkoruak-felmertek-kik-vonultak-a-bekemeneten-es-a-tisza-esemenynen,,
https://444.hu/2025/10/31/bekebelezte-a-blikket-a-ner,,
https://444.hu/2025/10/31/jovore-rendezik-az-elso-futopad-vilagbajnoksagot-te-is-elindulhatsz-de-az-egesz-erosen-reklamszagu,,
https://444.hu/2025/10/31/orban-viktor-a-vizionarius-esete-a-kiabrandito-valosaggal,,
https://444.hu/2025/10/31/magyar-unios-diplomatakat-is-tamadtak-kinai-hekkerek,,
https://444.hu/2025/10/31/orban-amerika-kapitanykent-szijjarto-pokemberkent-lazar-vasemberkent-harangozza-be-az-amerikai-latogatast,,
https://444.hu/2025/10/31/dkp-tag-lett-a-volt-mszp-elnok-exmodell-felesege-raba-timea,,
https://444.hu/2025/10/31/szeptemberre-mar-38-ezerrel-csokkent-a-magyarorszagi-nepesseg,,
https://444.hu/2025/10/31/orban-szerint-europa-es-ukrajna-akar-haborut-az-oroszok-mar-elfogadnak-a-tuzszunetet-vagy-beket,,
https://444.hu/2025/10/31/a-lett-parlament-megszavazta-a-kilepest-az-isztambuli-egyezmenybol,,
https://444.hu/2025/10/31/a-kulturalis-nemzetepitesert-fog-felelni-demeter-szilard-miniszterelnoki-biztoskent-de-orban-meg-a-titkarnot-is-megvonta-tole,,
https://444.hu/2025/10/31/moszkva-kovetelesei-miatt-kaszaltak-el-trump-es-putyin-budapestre-tervezett-csucstalalkozojat,,
https://444.hu/2025/10/31/ki-a-debilebb-verseny-a-nasa-vezetoje-posztban-bizonygatta-kim-kardashiannak-hogy-tenyleg-volt-holdraszallas,,
https://444.hu/2025/10/31/49-re-nott-a-melissa-hurrikan-halalos-aldozatainak-szama,,
https://444.hu/2025/10/31/rtl-irodajat-se-talalni-a-mesterseges-intelligencia-kutatointezetetnek-ami-manipulaltnak-nevezte-a-tisza-oktober-23-i-tomegerol-keszult-fotot,,
https://444.hu/2025/10/31/a-sagrada-familia-lett-a-vilag-legmagasabb-temloma,,
https://444.hu/2025/10/31/adam-driver-a-budapesti-flippermuzeumban-jart,,
https://444.hu/2025/10/31/a-kormany-elismerte-a-444-nek-hogy-a-megafonos-bohar-daniel-a-kormanyzati-delegacio-tagjakent-vett-reszt-eu-csucsokon,,
https://444.hu/2025/10/31/pangunk,,
