url,pubdate_guess
https://telex.hu/zacc/2025/11/03/ugy-ereztem-magam-mint-az-europai-unioban-hogy-nem-mi-dontunk-a-sajat-sorsunkrol-mondta-a-paks-edzoje-miutan-dontetlent-jatszottak,
https://telex.hu/zacc/2025/11/03/mnb-ugy-kecskemet-neumann-janos-egyetem-siker-dokumentum-szemereyne-csizmadia,
https://telex.hu/zacc/2025/11/01/jd-vance-meme-halloween,
https://telex.hu/zacc/2025/10/31/orban-viktor-szijjarto-peter-lazar-janos-pokember-vasember-amerikai-kapitany-marvel-tiktok,
https://telex.hu/zacc/2025/10/30/zebegeny-tokfarago-verseny-betiltas-ferenczy-erno-ervin,
https://telex.hu/zacc/2025/10/26/mi-mesterseges-intelligencia-zacsko-csipsz-fegyver,
https://telex.hu/zacc/2025/10/26/albania-mesterseges-intelligencia-miniszter-gyerekek-diella-szocialista-part,
https://telex.hu/zacc/2025/10/18/trump-kimondta-a-negybetus-szot-aztan-berekesztette-a-sajtotajekoztatot,
https://telex.hu/zacc/2025/10/17/origo-magyar-peter-rovid-osszefoglalo,
https://telex.hu/zacc/2025/10/15/menczer-tamas-fidesz-komment-vita-video-valasz-istvannak,
https://telex.hu/zacc/2025/10/15/ismeretlenek-alkalmi-csirkeolla-alakitottak-egy-vasuti-fulket-nemetorszagban,
https://telex.hu/zacc/2025/10/14/magyar-utonev-bizottsag-kosa-lajos,
https://telex.hu/zacc/2025/10/14/donald-trump-time-magazine-haj-foto,
https://telex.hu/zacc/2025/10/13/kormanyablak-kereso-terkep-ukran-fejleszto,
https://telex.hu/zacc/2025/10/08/nagy-istvan-agrarminiszter-labubu,
https://telex.hu/zacc/2025/10/07/kosarlabda-nba-los-angeles-lakers-lebron-james-bejelentes,
https://telex.hu/zacc/2025/10/07/greta-thunberg-donald-trump-duhkezeles-beszolas,
https://telex.hu/zacc/2025/10/06/kern-andras-parkolas-szell-kalman-ter,
https://telex.hu/zacc/2025/10/05/vegan-kaviar-zeroe-caviar-tengeri-hinar,
https://telex.hu/zacc/2025/10/02/europai-politikai-kozosseg-emmanuel-macron-edi-rama-ilham-alijev,
https://telex.hu/zacc/2025/10/01/kivagtak-a-tatarjarasbol-szolo-filmbol-l-simon-laszlot,
https://telex.hu/zacc/2025/09/30/villa-eves-puding-kihivas-trend-ausztria-nemetorszag,
https://telex.hu/zacc/2025/09/30/magyar-peter-orban-viktor-foci,
https://telex.hu/zacc/2025/09/28/orban-viktor-donald-trump-telefonhivas-tiktok-video-debrecen,
https://telex.hu/zacc/2025/09/28/donald-trump-amerikai-hadsereg-felso-vezetes-talalkozo-szeretet-egyesult-allamok,
https://telex.hu/zacc/2025/09/27/mokus-tamadas-san-francisco,
https://telex.hu/zacc/2025/09/23/macron-trump-utzar-konvoj-seta,
https://telex.hu/zacc/2025/09/23/kisbarkany-onazonossagi-torveny,
https://telex.hu/video/2025/11/04/nemzeti-kozultacio-adoemeles-tisza-fidesz-szekesfehervar-abony,
https://telex.hu/video/2025/11/04/magyarorszag-jovo-idoben-4-egyensuly-idezet-hogyan-legyunk-egeszsegesebb-nemzet,
https://telex.hu/video/2025/11/04/biro-nagy-andras-2026-elo-musor-kutatas,
https://telex.hu/video/2025/11/03/szijjarto-peter-orosz-ukran-haboru-olaj-putyin-magangep,
https://telex.hu/video/2025/11/03/2026-orszagjaras-dpk-magyar-peter-orban-viktor-rona-daniel-laszlo-robert,
https://telex.hu/video/2025/10/29/tema-kormanyzati-osztogatas-virovacz-peter,
https://telex.hu/video/2025/10/28/geszti-peter-ditz-edit-most-jovok-interju-hazassag-idezetek,
https://telex.hu/video/2025/10/28/ditz-edit-geszti-peter-hazassag-gyerekneveles-broker-marcsi-televizio-kultura-koncert-most-jovok-interju,
https://telex.hu/video/2025/10/27/racz-andras-elo-tema-donald-trump-vlagyimir-putyin-talalkozo-elott,
https://telex.hu/video/2025/10/24/orban-viktor-magyar-peter-bekemenet-nemzeti-menet-oktober-23-videos-osszefoglalo,
https://telex.hu/video/2025/10/23/oktober-23-fidesz-tisza-orban-viktor-magyar-peter-bekemenet-elo-kozvetites,
https://telex.hu/video/2025/10/23/bekemenet-2025-fidesz-tisza-szabo-zsofi-schmidt-maria-haboru-brusszel,
https://telex.hu/video/2025/10/22/harcosok-klubja-edzotabor-bejutottak-fidesz-orban-viktor,
https://telex.hu/video/2025/10/21/mestertseges-intelligencia-ai-video-magyar-peter-orban-balazs-fidesz,
https://telex.hu/video/2025/10/21/magyarorszag-jovo-idoben-3-egyensuly-idezet-hogyan-legyunk-okosabb-nemzet,
https://telex.hu/video/2025/10/20/eloben-laknerrel-kozvelemeny-kutatas-fidesz-tisza-trump-putyin-budapest,
https://telex.hu/video/2025/10/19/szolo-utca-juhasz-peter-pal-nyomozas-pedofilia-gyermekvedelem-osszefoglalo,
https://telex.hu/video/2025/10/17/lazar-janos-nagykanizsa-lazarinfo-kemugy-varga-judit,
https://telex.hu/video/2025/10/14/nagy-adam-jolvanezigy-fokuszcsoport-jolvanezigy-interju-idezetek,
https://telex.hu/video/2025/10/14/jolvanezigy-fokuszcsoport-nagy-adam-cernagyar-6lepes-youtube,
https://telex.hu/video/2025/10/10/krasznahorkai-laszlo-irodalmi-nobel-dij-szego-janos-ott-anna-david-anna-valuska-laszlo-elo,
https://telex.hu/video/2025/10/09/tisza-magyar-peter-bodis-kriszta-ormansag-kisasszonyfa,
https://telex.hu/video/2025/10/07/tiszabura-idokozi-valasztas-70-jelolt-kepviselo-szavazatvasarlas,
https://telex.hu/video/2025/10/07/magyarorszag-jovo-idoben-2-hogyan-legyunk-gazdagabbak,
https://telex.hu/video/2025/10/07/izrael-hamasz-palesztin-oktober-7-terrortamadas-evfordulo-gaza-haboru-tema,
https://telex.hu/video/2025/10/06/magyarorszag-jovo-idoben-1-egyensuly-idezet-magyarorszag-legnagyobb-problemai,
https://telex.hu/video/2025/10/03/tema-elo-1,
https://telex.hu/video/2025/09/30/orvos-toth-noemi-pszichologia-kamaszok-szorongas-gyuloletkeltes-szolidaritas-most-jovok-interju,
https://telex.hu/video/2025/09/30/orvos-toth-noemi-interju-pszichologia-csalad,
https://telex.hu/video/2025/09/25/lazar-janos-lazarinfo-sopron-hodmezovasarhely,
https://telex.hu/video/2025/09/24/magyar-peter-miskolc-gyules-semjen-zsolt-nyugdijreform-ruszin-szendi-romulusz,
https://telex.hu/video/2025/09/23/parlament-fidesz-kepviselok-interju-korkerdes-gyuloletkeltes-kormanyzati-media,
https://telex.hu/velemeny/2025/10/23/orban-viktor-bekemenet-magyar-peter-nemzeti-menet,
https://telex.hu/velemeny/2025/10/17/gyermekotthon-javitointezet-borton-bantalmazas-eroszak-megelozes-helsinki-bizottsag,
https://telex.hu/velemeny/2025/10/16/szolo-utca-semjen-zsolt-torzsi-gondolkodas-tarsadalom-zsolti-bacsi,
https://telex.hu/velemeny/2025/09/29/magyar-levente-ukrajna-beke-trianon-oroszorszag-haboru-tortenelem,
https://telex.hu/transtelex/2025/11/05/kulhoni-magyarok-dpk,
https://telex.hu/transtelex/2025/11/05/karterites-romania-covid-oltasi-szovodmenyek-bizonyithato-hatosagi-mulasztas,
https://telex.hu/transtelex/2025/11/04/romania-karpatok-tiz-nap-ot-turazo-halal-hegyimentok-tanacsok,
https://telex.hu/transtelex/2025/11/03/poszt-orban-gondolatkiserlet-a-magyar-magyar-kapcsolatok-alakulasanak-kilatasairol,
https://telex.hu/transtelex/2025/10/31/parlament-letszamcsokkentes-kisebbsegek-koalicio-vita,
https://telex.hu/transtelex/2025/10/30/moszkva-dubaj-romania-horatiu-potra-hazaterne,
https://telex.hu/transtelex/2025/10/29/horatiu-potra-romania-puccskiserlet-kiadatas,
https://telex.hu/transtelex/2025/10/29/erdelyi-mediater-uj-vezeto-kampany-kezi-vezerles,
https://telex.hu/transtelex/2025/10/28/egyetem-bentlakasok-erdely-kolozsvar-nagyvarad-marosvasarhely,
https://telex.hu/transtelex/2025/10/27/virtualis-nemzetepites-lakossagi-tamogatottsag-magyarorszag-felmeres-tanulmany-kiss-tamas-toro-tibor,
https://telex.hu/transtelex/2025/10/26/mohacsi-csata-emlekezet-magyar-tortenelem-erdely-varga-szabolcs,
https://telex.hu/transtelex/2025/10/25/tompa-andrea-nemzeti-menet-ellenallas-interju,
https://telex.hu/transtelex/2025/10/25/matyus-melinda-iro-reformatus-lelkesz-interju,
https://telex.hu/transtelex/2025/10/24/parajd-sobanya-fel-ev-katasztrofa-utan-helyszini-riport,
https://telex.hu/transtelex/2025/10/23/gulyas-gergely-erdelyi-korut-oktober-23,
https://telex.hu/transtelex/2025/10/22/vezeto-nelkul-indult-el-egy-villamos-aradon,
https://telex.hu/transtelex/2025/10/22/parajd-sobanya-vezetoseg-levaltas,
https://telex.hu/transtelex/2025/10/22/kulhoni-magyarok-dpk-erdelyi-magyarok-alapito-tagok,
https://telex.hu/transtelex/2025/10/21/romania-hirszerzes-szabotazsakcio-bukarest-nova-post,
https://telex.hu/transtelex/2025/10/21/inscop-tudomany-romania-osszeeskuves-elmelet-oltasellenesseg-manipulacio,
https://telex.hu/transtelex/2025/10/20/marko-bela-rmdsz-kongresszus-interju,
https://telex.hu/transtelex/2025/10/19/hanyinger-utca-kolozsvar,
https://telex.hu/transtelex/2025/10/17/robbanas-razta-meg-bukarestet-lerombolta-egy-tombhaz-ket-emeletet,
https://telex.hu/transtelex/2025/10/17/kisebbsegek-reprezentacio-tobbsegi-tankonyvek-romania-erdelyi-magyarok,
https://telex.hu/transtelex/2025/10/14/oktatasi-monitor-romania-kisebbsegi-jogok-lemorzsolodas,
https://telex.hu/techtud/2025/11/05/trump-ujra-az-elon-musk-altal-favorizalt-urhajost-es-vallalkozot-jelolte-a-nasa-elere,
https://telex.hu/techtud/2025/11/05/szolokaboca-aranyszinu-sargasag-vedekezes-biodiverzitas-omki,
https://telex.hu/techtud/2025/11/05/nezzen-fel-az-egre-hod-hold-telihold,
https://telex.hu/techtud/2025/11/05/hova-mutatna-egy-iranytu-ha-felvinnenk-az-urbe-magnesesseg-magneses-mezo-jupiter-nap-urutazas,
https://telex.hu/techtud/2025/11/05/him-hadroszaurusz-durva-szex-oslenykutatas-csigolya-tores,
https://telex.hu/techtud/2025/11/05/felpuhitott-klimacelok-europai-unio-2040-karbonkredit,
https://telex.hu/techtud/2025/11/05/danok-vizsgaljak-kinabol-leallithato-elektromos-busz-kinai-elektronikus-cikk,
https://telex.hu/techtud/2025/11/04/valsaghelyzet-agy-hasonloan-reagal-reszvenypiac,
https://telex.hu/techtud/2025/11/04/suzuki-e-vitara-teszt,
https://telex.hu/techtud/2025/11/04/sulyemeles-legalabb-olyan-jo-futas-cukorbetegseg,
https://telex.hu/techtud/2025/11/04/magyar-kutato-rakgyogyszer-egy-kezeles-teljesen-meggyogyit-kiserleti-allat,
https://telex.hu/techtud/2025/11/04/globalis-felmelegedes-ensz-parizsi-megallapodas,
https://telex.hu/techtud/2025/11/04/abortusz-szivhangrendelet-statisztika-alakulas,
https://telex.hu/techtud/2025/11/04/1945-november-4-i-nemzetgyulesi-valasztasok-nyolcvanadik-evfordulo-magyar-kommunista-part-fuggetlen-kisgazdapart-demokracia,
https://telex.hu/techtud/2025/11/03/szalajka-patak-szilvasvarad-kiszaradt,
https://telex.hu/techtud/2025/11/03/ki-epit-eloszor-atomeromuvet-a-holdon-nehezsegek-amerikai-kinai-orosz-urverseny,
https://telex.hu/techtud/2025/11/03/jatekszeru-dronhadviseles-ukran-brave1,
https://telex.hu/techtud/2025/11/03/fulhallgatok-karos-vegyi-anyagok-tudatos-vasarlok,
https://telex.hu/techtud/2025/11/03/az-idei-legkozelebbi-szuperholdat-lehet-majd-szerdan-megfigyelni,
https://telex.hu/techtud/2025/11/02/hollandia-visszaad-egy-ellopott-3500-eves-szoborfejet-egyiptomnak,
https://telex.hu/techtud/2025/11/01/megnyilt-a-vilag-legnagyobb-regeszeti-muzeuma-egyiptomban,
https://telex.hu/techtud/2025/10/31/zold-mumia-olaszorszag-rejtely-megoldas,
https://telex.hu/techtud/2025/10/31/kinai-hekkerek-tamadtak-magyar-unios-diplomatakat,
https://telex.hu/techtud/2025/10/31/europai-urugynokseg-batman-jel-chile-vlt-megfigyelo-tavcso-gaz-por-felho-csillagaszat,
https://telex.hu/techtud/2025/10/31/covid-vakcina-kozbeszerzes-eredmeny-nyertes-moderna-egymilliard-forint-nngyk-1,
https://telex.hu/techtud/2025/10/30/ufo-hideghaborus-atomrobbantas-tranziens-azonositatlan-rendellenes-jelenseg,
https://telex.hu/techtud/2025/10/30/lockheed-martin-halk-szuperszonikus-repulo-x-59-nasa,
https://telex.hu/techtud/2025/10/30/kormanyablak-mobilalkalmazas-app-nem-mukodik-hibak-ugyintezes-miniszterium-javitas-digitalis-allampolgar-dap,
https://telex.hu/techtud/2025/10/30/halalgombos-szivacs-zombifereg,
https://telex.hu/techtud/2025/10/30/gronlandi-balna-hosszu-elet-dns-javitas,
https://telex.hu/techtud/2025/10/30/grokipedia-grok-elon-musk-wikipedia-teszt-mi,
https://telex.hu/techtud/2025/10/30/eltunhet-a-krumpli-magyarorszagrol-klimavaltozas,
https://telex.hu/techtud/2025/10/30/a-ferfiaknak-ketszer-annyit-kellene-mozogniuk-mint-a-noknek-ha-el-akarjak-kerulni-a-szivbetegsegeket,
https://telex.hu/techtud/2025/10/29/openai-chatgpt-profitorientalt-vallalat-atalakulas,
https://telex.hu/techtud/2025/10/29/muhold-egyesult-allamok-mexiko-adatszivargas-kutatas,
https://telex.hu/techtud/2025/10/29/microsoft-azure-felhoszolgaltatas-leallas-minecraft,
https://telex.hu/techtud/2025/10/29/madarakat-ejtett-csapdaba-a-melissa-hurrikan,
https://telex.hu/techtud/2025/10/29/hun-ren-magyar-kutatasi-halozat-fovarosi-torvenyszek-bejegyzes,
https://telex.hu/techtud/2025/10/29/elso-vilaghaboru-palackposta-uzenet-ausztral-partok,
https://telex.hu/techtud/2025/10/29/amazon-leepites-videojatek-studio-a-gyuruk-ura-new-world,
https://telex.hu/techtud/2025/10/28/mesterseges-intelligencia-gaza-ice-adatbazis-profilozas-megfigyeles,
https://telex.hu/techtud/2025/10/28/hulladek-dns-rakkezeles-daganat,
https://telex.hu/techtud/2025/10/28/hajdubagosi-foldikutya-rezervatum-helyben,
https://telex.hu/techtud/2025/10/28/elon-musk-grokipedia-wikipedia-oldalak,
https://telex.hu/techtud/2025/10/28/digitalis-polgari-kor-facebook-meta-hirdetes-political-capital,
https://telex.hu/techtud/2025/10/28/chatgpt-openai-mentalis-egeszseg-ongyilkossagi-hajlam,
https://telex.hu/techtud/2025/10/27/viragillatu-gomba-rendkivul-hatekony-szunyogirto-kutatas,
https://telex.hu/techtud/2025/10/27/oroszorszag-dezinformacios-halozat-mesterseges-intelligencia-csetbot-artalmas,
https://telex.hu/techtud/2025/10/26/svajci-tudosok-parizsi-klimaegyezmeny-elerhetetlen-2-5-fokos-emelkedes-klimavaltozas,
https://telex.hu/techtud/2025/10/26/kia-hyundai-valto-motor-olajkoksz-autonyomozok,
https://telex.hu/techtud/2025/10/26/auto-volvo-xc90-dizelmotor-autojavitas-autoszerviz,
https://telex.hu/techtud/2025/10/25/szaz-eros-magnest-rendelt-a-temurol-hogy-lenyelhesse-oket-meg-kellett-muteni-a-13-eves-uj-zelandi-fiut,
https://telex.hu/techtud/2025/10/25/aranyszinu-sargasag-fitoplazma-szolo-betegseg-zala-varmegye-szlovenia,
https://telex.hu/techtud/2025/10/24/ketamin-gyogyszer-depresszio-kezeles,
https://telex.hu/techtud/2025/10/24/deutsche-welle-injekcio-fogyas-tulsuly-egeszseg-sulycsokkentes,
https://telex.hu/techtud/2025/10/23/meta-mesterseges-intelligencia-reszleg-elbocsatas,
https://telex.hu/techtud/2025/10/23/covid-oltas-rak-daganat-immunrendszer,
https://telex.hu/techtud/2025/10/23/1956-oktober-23-forradalom-szabadsagharc-tortenelem,
https://telex.hu/techtud/2025/10/22/keves-a-viz-a-marosban-a-klimavaltozas-miatt,
https://telex.hu/techtud/2025/10/22/elon-musk-az-amerikai-urugynokseg-vezetojenek-meg-ketszamjegyu-iq-ja-sincs,
https://telex.hu/techtud/2025/10/22/egyre-tobb-szenet-hasznalunk-mikozben-a-tobb-a-megujulo-energia-is,
https://telex.hu/techtud/2025/10/22/ai-kompetencia-kozpont-megnyito-ivsz-palkovics-laszlo-mesterseges-intelligencia-strategia,
https://telex.hu/techtud/2025/10/22/a-strava-visszavonta-a-pert-a-garmin-ellen,
https://telex.hu/techtud/2025/10/22/a-garmin-vs-strava-funkciok-masolasa-jogi-vita,
https://telex.hu/techtud/2025/10/22/a-chatgpt-fejlesztoje-elinditott-egy-bongeszot-amivel-a-google-rivalisa-lehet,
https://telex.hu/techtud/2025/10/21/titokzatos-izzo-roncs-talaltak-ausztralia-kinai-raketa,
https://telex.hu/techtud/2025/10/21/szijjarto-peter-magyar-kutatourhajos-bejelentes,
https://telex.hu/techtud/2025/10/21/magyar-kutatok-kozelebb-hoztak-gensebeszet-rutinszeru-hasznalat,
https://telex.hu/techtud/2025/10/21/kolon-to-kiszaradas-izsak-kiskunsag,
https://telex.hu/techtud/2025/10/21/eloszor-talaltak-szunyogokat-izlandon-klimavaltozas,
https://telex.hu/techtud/2025/10/21/ceu-hatartalan-tudas-digitalis-fuggosegek-videojatek-fuggoseg-kozossegi-media-ellenszer,
https://telex.hu/techtud/2025/10/21/belso-dialogus-agy-beszed-hangokat-hall-skizofrenia-kutatas,
https://telex.hu/techtud/2025/10/20/x-twitter-nem-hasznalt-felhasznalonevek-kervenyezes,
https://telex.hu/techtud/2025/10/20/spermium-genetikai-mutacio-ferfi-eletkor,
https://telex.hu/techtud/2025/10/20/mogyoro-allergia-korai-bevezetes-gyerekek,
https://telex.hu/techtud/2025/10/20/hasznalhatatlan-a-duolingo-a-snapchat-es-a-roblox-is-az-amazon-felhoszolgaltatojanal-van-gond,
https://telex.hu/techtud/2025/10/19/sarki-feny-magyarorszag,
https://telex.hu/techtud/2025/10/19/magyar-rovartani-tarsasag-ev-rovara-szavazas,
https://telex.hu/techtud/2025/10/19/hawaii-kilauea-halemaumau-krater-vulkankitores-lavaszokokut,
https://telex.hu/techtud/2025/10/18/csendes-ocean-szokatlan-meleg-globalis-klimavaltozas,
https://telex.hu/techtud/2025/10/17/paranthropus-boisei-emberfele-hominid-ero-eszkozok-keszitese,
https://telex.hu/techtud/2025/10/17/galaxis-kozepe-sotet-anyag-gammasugarzas-csillagaszat-asztrofizika,
https://telex.hu/techtud/2025/10/17/fekete-lyuk-at-2024tvd-radiojel-kitores-csillag,
https://telex.hu/techtud/2025/10/16/openai-japan-anime-sora-szerzoi-jog,
https://telex.hu/techtud/2025/10/16/olasz-lapok-kiallas-nyomozas-google-mi-osszefoglalok,
https://telex.hu/techtud/2025/10/16/metan-antarktisz-klimavaltozas-uveghazhatas,
https://telex.hu/techtud/2025/10/16/fidesz-mesterseges-intelligencia-video-politikai-kampany,
https://telex.hu/techtud/2025/10/16/chicago-patkanylyuk-mokuslyuk-kutatas,
https://telex.hu/techtud/2025/10/16/alkohol-demencia-kutatas,
https://telex.hu/techtud/2025/10/15/wildlife-photographer-of-the-year-2025-termeszetfoto-palyazat-nyertesek,
https://telex.hu/techtud/2025/10/15/nyugat-nilusi-laz-dalos-szunyog-tigris-szunyog,
https://telex.hu/techtud/2025/10/15/meta-instagram-korhataros-tartalom,
https://telex.hu/techtud/2025/10/15/magany-novelheti-a-rak-eselyet,
https://telex.hu/techtud/2025/10/14/orban-facebook-bejegyzes-reakciok-nem-latszanak-miert,
https://telex.hu/techtud/2025/10/14/openai-erotikus-tartalom-chatgpt-fejlesztes-felhasznalok,
https://telex.hu/techtud/2025/10/14/no-a-bakteriumom-rezisztenciaja-who,
https://telex.hu/techtud/2025/10/14/embriomodell-versejt-termeles-regenerativ-terapia,
https://telex.hu/techtud/2025/10/14/egeszsegugy-korhazak-orvoshiany-maganegeszsegugy-rekassy-balazs-gilly-gyula-felforgatokonyv,
https://telex.hu/techtud/2025/10/13/windows-10-lejar-tamogatas-eu-mentoov-microsoft,
https://telex.hu/techtud/2025/10/13/nemzeti-ellenallas-mozgalom-tanmese-tisza-ado,
https://telex.hu/techtud/2025/10/13/magyar-egeszsegugy-egeszsegmutatok-magyar-egeszseg-gazdasagtani-tarsasag,
https://telex.hu/techtud/2025/10/13/batthyany-strattmann-alapitvany-egyedi-gyogyszerkerelmek-elbiralasa-magyar-egeszseg-gazdasagtani-tarsasag-konferencia-putnoki-katalin,
https://telex.hu/techtud/2025/10/12/sivatagi-oroszlanok-fokavadaszat,
https://telex.hu/techtud/2025/10/11/google-fidesz-reklam-politikai-hirdetes,
https://telex.hu/techtud/2025/10/11/amerikai-szolokaboca-aranyszinu-sargasag-pusztitja-a-magyar-szolot,
https://telex.hu/techtud/2025/10/10/robert-f-kennedy-jr-korulmeteles-autizmus-tylenol-terhesseg-fajdalomcsillapito,
https://telex.hu/techtud/2025/10/10/husvet-sziget-rapanui-szobor-setalas-mozgatas,
https://telex.hu/techtud/2025/10/10/hartmut-rosa-modernitas-rezonancia-krizis-elidegenedes,
https://telex.hu/techtud/2025/10/10/etosz-fenntarthato-varosok-konferencia-klimavaltozas-vizgazdalkodas-hoszigetek-energia,
https://telex.hu/techtud/2025/10/10/aldabrai-oriasteknos-mesterseges-keltetes-inkubalas-kutatas-seychelle-szigetek,
https://telex.hu/techtud/2025/10/09/varjukonferencia-ujbuda-mme,
https://telex.hu/techtud/2025/10/09/pszichedelikus-sor-korai-inkai-birodalom-wari,
https://telex.hu/techtud/2025/10/09/elte-ttk-nem-fizet-a-70-even-felulieknek-tiszteletdijat-doktori-ertekezes-biralataert,
https://telex.hu/techtud/2025/10/08/xii-kerulet-hegyvidek-szunyog-vizsgalat-csapda-befogas-azsiai-tigrisszunyog,
https://telex.hu/techtud/2025/10/08/kemiai-nobel-dij-atadas,
https://telex.hu/techtud/2025/10/08/966-millio-dollar-karterites-johnson-johnson-babahintopor-azbeszt-rak-per,
https://telex.hu/techtud/2025/10/07/tisza-part-tisza-vilag-adatszivargas-valos-adatbazis,
https://telex.hu/techtud/2025/10/07/szuperhold-aratohold-egi-latvanyossag-oktober-7,
https://telex.hu/techtud/2025/10/07/megujulok-aranya-szen-energia,
https://telex.hu/techtud/2025/10/07/megujulo-energiaforras-szen-klimazona,
https://telex.hu/techtud/2025/10/07/lemmon-ustokos-csillagaszat-csillagvizsgalo-magyarorszag,
https://telex.hu/techtud/2025/10/07/kvantummechanika-alagutazas-josephson-effektus-fizikai-nobel-dij-john-clarke-michel-devoret-john-martinis,
https://telex.hu/techtud/2025/10/07/fizikai-nobel-dij-2025,
https://telex.hu/techtud/2025/10/07/cukorbetegseg-diabetesz-vercukorszint-fogyas,
https://telex.hu/techtud/2025/10/07/chatgpt-tinedzser-letartoztatas-gyilkossag-tanacs,
https://telex.hu/techtud/2025/10/07/18-milliard-forint-elkoltese-utan-vegre-eltunnek-a-politikai-hirdetesek-a-facebookrol,
https://telex.hu/techtud/2025/10/06/kamcsatka-kronotszkij-krasenyinnyikov-vulkan-kitores,
https://telex.hu/techtud/2025/10/06/ha-most-kezdenek-el-biztosan-nem-ivovizzel-oblitenenk-le-a-vecet-kala-vairavamoorty,
https://telex.hu/techtud/2025/10/06/facebook-politikai-hirdetesek-betiltva,
https://telex.hu/techtud/2025/10/06/elettani-orvosi-nobel-dij-mary-brunkow-fred-ramsdell-shimon-sakaguchi-periferias-immuntolerancia,
https://telex.hu/techtud/2025/10/06/egyesult-allamok-thc-baleset,
https://telex.hu/techtud/2025/10/05/texasban-a-szo-szoros-ertelmeben-lelottek-az-internetet,
https://telex.hu/techtud/2025/10/05/mikrobiom-schwab-richard-atereszto-bel-szindroma-betegsegek-belrendszer-egeszseges-taplalkozas,
https://telex.hu/techtud/2025/10/05/brutalis-aremelkedes-johet-a-memoriacsipek-es-merevlemezek-piacan,
https://telex.hu/techtud/2025/10/04/auto-ford-kuga-dizelmotor-autonyomozok-hasznaltauto-vasarlas-fogyasztovedelem,
https://telex.hu/techtud/2025/10/03/meta-ai-csetbot-celzott-hirdetes,
https://telex.hu/techtud/2025/10/03/immunterapia-akut-mieloid-leukemia-kezeles-kiserlet,
https://telex.hu/techtud/2025/10/02/tobb-mint-650-millioszor-futottak-le-harom-honap-alatt-facebookon-es-youtube-on-a-nemzeti-ellenallas-mozgalom-reklamjai,
https://telex.hu/techtud/2025/10/02/openai-sora-2-alkalmazas-tiktok-vetelytars,
https://telex.hu/techtud/2025/10/02/naponta-600-futballpalyanyi-termeszeti-teruletet-es-szantofoldet-veszit-europa-a-beepitesek-miatt,
https://telex.hu/techtud/2025/10/02/meghalt-jane-goodall-etologus-csimpanzok-kutatas,
https://telex.hu/techtud/2025/10/02/halljak-meg-ahogy-sir-a-fold-xiv-leo-papa-klimszkeptikusoknak-uzent,
https://telex.hu/techtud/2025/10/02/covid-vakcina-koronavirus-oltas-uj-adagok-uj-varians-kozbeszerzes-nngyk,
https://telex.hu/techtud/2025/10/02/a-mesterseges-intelligencia-is-segitett-azonositani-a-gyilkost-a-holokauszt-egyik-megrendito-fotojan,
https://telex.hu/techtud/2025/10/01/meghalt-jane-goodall,
https://telex.hu/techtud/2025/10/01/google-fidesz-reklam-koltes,
https://telex.hu/techtud/2025/10/01/emberi-bor-dns-embrio-eloszor-sikerult-attores,
https://telex.hu/techtud/2025/09/30/youtube-trump-megegyezes-szolasszabadsag,
https://telex.hu/techtud/2025/09/30/yettel-reflex-kkv-dijcsomag-alkalmazas,
https://telex.hu/techtud/2025/09/30/waymo-robottaxi-szabalysertes-kalifornia,
https://telex.hu/techtud/2025/09/30/szivbetegseg-megelozes-kockazati-tenyezok,
https://telex.hu/techtud/2025/09/30/daniel-ek-spotify-vezerigazgato-uj-pozicio-ugyvezeto-elnok,
https://telex.hu/techtud/2025/09/30/boeing-737-max-utod-repulogepgyartas-rolls-royce,
https://telex.hu/techtud/2025/09/29/mesterseges-intelligencia-virus-hatekonysag-kockazat,
https://telex.hu/techtud/2025/09/29/kreatin-taplalekkiegeszito-aminosavak-izomnovekedes-allokepesseg-egeszseg,
https://telex.hu/techtud/2025/09/29/ignobel-dij-india-budos-cipo-labszag-talalmany,
https://telex.hu/techtud/2025/09/29/autobemutato-audi-q3-benzinmotor-dizelmotor-plug-in-ihbrid-led-fenyszoro-volkswagen,
https://telex.hu/techtud/2025/09/28/india-tea-export-klimavaltozas-idojaras,
https://telex.hu/techtud/2025/09/28/bryan-johnson-dont-die-emberkiserlet-orok-elet-szelsosegesseg,
https://telex.hu/techtud/2025/09/28/autoteszt-bmw-audi-volkswagen-dizelmotor,
https://telex.hu/techtud/2025/09/27/auto-pickup-ford-ranger-plug-in-hibrid-benzinmotor-autoteszt,
https://telex.hu/techtud/2025/09/26/testbeszedelemzes-tudomany-hazugsag-megtevesztes-viselkedes-pszichologia,
https://telex.hu/techtud/2025/09/26/tengerviz-sotalanitas-ontozes-szarazodas-klimavaltozas-valasz-veszelyek,
https://telex.hu/techtud/2025/09/26/egymillio-eves-koponya-homo-longi-sarkanyember-emberi-evolucio,
https://telex.hu/techtud/2025/09/26/chatgpt-pulse-proaktiv-osszefoglalok-openai,
https://telex.hu/techtud/2025/09/26/a-whatsappon-is-bevezetik-az-uzenetforditasi-funkciot,
https://telex.hu/techtud/2025/09/25/skorpio-magyarorszag-euscorpiidae-behurcolas,
https://telex.hu/techtud/2025/09/25/instagram-kezdolap-reels-uzenetek-valtozas-meta,
https://telex.hu/techtud/2025/09/25/huntington-kor-genterapia-kezeles-siker,
https://telex.hu/techtud/2025/09/25/apple-iphone-air-teszt,
https://telex.hu/techtud/2025/09/25/a-microsoft-nem-engedi-a-technologiajat-palesztinok-tomeges-megfigyelesere-hasznalni,
https://telex.hu/techtud/2025/09/24/rangos-elettani-dij-magyar-kutato-kapta-hegyi-peter,
https://telex.hu/techtud/2025/09/24/nngyk-allasfoglalas-trump-paracetamol,
https://telex.hu/techtud/2025/09/24/magyarorszag-mesterseges-intelligencia-strategia-kormany-modositas-mennyire-realis,
https://telex.hu/techtud/2025/09/24/evszakok-valtozasa-elte-eghajlatkutatas-elemzes-klimavaltozas,
https://telex.hu/techtud/2025/09/24/alkoholfogyasztas-no-demencia-kockazat-kutatas,
https://telex.hu/techtud/2025/09/23/mars-elet-nyomai-perseverance-kozetmintak-jelentoseg,
https://telex.hu/techtud/2025/09/23/mar-teszteli-a-fidesz-hol-tud-atcsuszni-a-google-tiltasan-a-politikai-hirdetesekkel,
https://telex.hu/techtud/2025/09/23/mar-ki-is-nyirta-a-politikai-hirdetesek-publikus-adatbazisat-a-google,
https://telex.hu/techtud/2025/09/23/kozel-egymilliard-forint-ment-el-az-elmult-30-napban-a-fidesz-uzeneteinek-hirdetesere-facebookon,
https://telex.hu/techtud/2025/09/23/egy-kinai-elektromos-auto-vette-el-a-sebessegi-vilagrekordot-a-bugatti-chirontol,
https://telex.hu/techtud/2025/09/23/csillagaszok-talaltak-egy-fekete-lyukat-ami-2-4-szer-olyan-gyorsan-no-mint-ahogy-a-fizika-torvenyei-szerint-lehetne,
https://telex.hu/tamogatott-tartalom/2025/11/05/egyre-tobb-a-tulsulyos-es-testkepzavaros-gyerek-okok-es-megoldasok,
https://telex.hu/tamogatott-tartalom/2025/11/03/streaming-magyar-modra-az-rtl-tobb-mint-tv,
https://telex.hu/tamogatott-tartalom/2025/10/31/michelin-csillagos-fogasok-hevizen-vacsora-amit-vetek-kihagyni,
https://telex.hu/tamogatott-tartalom/2025/10/30/miert-epp-most-eri-meg-iphone-13-ra-valtani,
https://telex.hu/tamogatott-tartalom/2025/10/30/ketten-a-volannal-flottakezeloi-sikertortenet-flottaman,
https://telex.hu/tamogatott-tartalom/2025/10/27/30-arkedvezmeny-idoszak-az-e-on-tol-az-okosmeros-vallalkozasok-szamara-napkelte-hetvege-tarifa,
https://telex.hu/tamogatott-tartalom/2025/10/24/elelmiszermentessel-segit-raszorulo-csaladokon-a-lidl,
https://telex.hu/tamogatott-tartalom/2025/10/19/krusovszky-denes-csak-olyan-volvo-novella,
https://telex.hu/tamogatott-tartalom/2025/10/18/pormentes-rutin-gyors-trukkok-az-allergias-tunetek-ellen,
https://telex.hu/tamogatott-tartalom/2025/10/16/cel-hogy-jo-elmeny-legyen-a-gyogyulas-korhazfejlesztes-budapesten,
https://telex.hu/tamogatott-tartalom/2025/10/14/lakaslaz-2025-igy-nyerhetsz-uj-otthont-a-zengaval-a-revital-parkban,
https://telex.hu/tamogatott-tartalom/2025/10/13/hollywoodi-elmenyt-iger-testkozelbol-a-recirquel-uj-eloadasa-budapesten,
https://telex.hu/tamogatott-tartalom/2025/10/12/borda-reka-a-furulya-volvo-novella,
https://telex.hu/tamogatott-tartalom/2025/10/06/tokeletes-lokacio-igy-hodit-a-duna-terasz-vista-a-csaladok-koreben,
https://telex.hu/tamogatott-tartalom/2025/10/05/marton-krisztian-ez-elet-halal-kerdes-volvo-novella,
https://telex.hu/tamogatott-tartalom/2025/10/01/az-uj-varosi-generacio-otthona-metrodom-beat-a-xiii-keruletben,
https://telex.hu/tamogatott-tartalom/2025/09/28/halasz-rita-holtter-volvo-novella,
https://telex.hu/tamogatott-tartalom/2025/09/27/tobb-mint-munkahely-a-lidl-az-egeszsegbe-fektet,
https://telex.hu/tamogatott-tartalom/2025/09/25/varos-a-varosban-ahol-iroda-muveszet-es-inspiracio-talalkozasa,
https://telex.hu/tamogatott-tartalom/2025/09/24/elozz-be-masokat-ket-hettel-fedezd-fel-hamarabb-az-egyedi-ingatlanokat,
https://telex.hu/szepkilatas/2025/11/02/pilisi-parkerdo-budai-hegyseg-nagy-kopasz-csergezan-kilato-lezaras,
https://telex.hu/szepkilatas/2025/11/02/bakony-romai-furdo-gaja-szurdok-kdp-tura,
https://telex.hu/szepkilatas/2025/10/28/szetpecsetelt-varfal-megrongalt-ladak-ket-hetig-sem-tartott-a-pecsetelos-jatek-a-cseszneki-varban,
https://telex.hu/szepkilatas/2025/10/25/hallstatti-to-salzkammergut-dachstein-krippenstein-tura,
https://telex.hu/szepkilatas/2025/10/24/nagyhegyes-krater-to-gazkitores-pihenohely,
https://telex.hu/szepkilatas/2025/10/18/egy-manokunyho-varja-a-turazokat-horvatorszag-legmagasabb-csucsan,
https://telex.hu/szepkilatas/2025/10/13/tobb-mint-negyezren-kekturaztak-a-kekturazas-napjan,
https://telex.hu/szepkilatas/2025/10/12/szepkilatas-uj-fundland-st-johns-east-coast-trail-keleti-parti-tura,
https://telex.hu/szepkilatas/2025/10/11/kirandulni-mennek-de-vadasznak-a-teruleten-mehetek,
https://telex.hu/szepkilatas/2025/10/04/veseko-miatt-helikopterrel-kellett-lehozni-a-himalajabol-nagy-marton-hegymaszot,
https://telex.hu/szepkilatas/2025/10/04/ausztriai-medve-szurdok-tura-kirandulas,
https://telex.hu/szepkilatas/2025/09/27/kalandozasok-a-fekete-erdoben-a-duna-forrasvideken,
https://telex.hu/szepkilatas/2025/09/24/julia-valoszinuleg-elso-magyarkent-teljesitette-az-1300-km-es-via-dinarica-turautvonalat,
https://telex.hu/sport/2025/11/05/szoboszai-liverpool-real-madrid,
https://telex.hu/sport/2025/11/05/semleges-statusz-vilagverseny-orosz-feherorosz-vizilabdazo,
https://telex.hu/sport/2025/11/05/motogp-2025-francesco-bagnaia-ducati-szenvedes-konteok,
https://telex.hu/sport/2025/11/05/meghalt-jenei-imre-a-magyar-es-a-roman-futballvalogatott-egykori-szovetsegi-kapitanya,
https://telex.hu/sport/2025/11/04/marco-rossi-kerethirdetes-ormeny-ir-vb-selejtezo,
https://telex.hu/sport/2025/11/04/liverpool-real-madrid-bajnokok-ligaja,
https://telex.hu/sport/2025/11/04/david-beckham-lovagga-ut-kiraly-nagy-britannia,
https://telex.hu/sport/2025/11/03/meccs-kozben-osszeesett-majd-meghalt-egy-szerb-elvonalban-jatszo-focicsapat-44-eves-edzoje,
https://telex.hu/sport/2025/11/02/szoboszlai-dominik-liverpool-meccse-embere,
https://telex.hu/sport/2025/11/02/new-york-maraton-eliud-kipchoge-kenenisa-bekele-sifan-hassan,
https://telex.hu/sport/2025/11/01/zte-zalaegerszeg-kosarlabda-jatekos-megutott-egy-szurkolot-felmentes,
https://telex.hu/sport/2025/11/01/nyert-a-liverpool-az-aston-villa-ellen,
https://telex.hu/sport/2025/11/01/mar-be-is-talalt-cristiano-ronaldo-fia-a-portugal-utanpotlas-valogatottban,
https://telex.hu/sport/2025/10/31/mlsz-palyazat-konferencia-liga-donto-2028-2029-uefa-puskas-arena,
https://telex.hu/sport/2025/10/29/mount-everest-tortenelmi-lesiklas-horbein-kuloar-kegyetlen-jim-morrison,
https://telex.hu/sport/2025/10/29/marton-viviana-taekwondo-vilagbajnoksag,
https://telex.hu/sport/2025/10/29/liverpool-szoboszlai-dominik-vereseg-ligakupa,
https://telex.hu/sport/2025/10/28/marton-luana-taekwondo-vilagbajnok,
https://telex.hu/sport/2025/10/28/f1-forma-1-lando-norris-oscar-piastri-max-verstappen-vb-cim-harc-eselyek,
https://telex.hu/sport/2025/10/28/carlos-alcaraz-bucsuzott-a-parizsi-kemenypalyas-tenisztornan,
https://telex.hu/sport/2025/10/27/vinicius-jr-hiszti-lecsereles-real-madrid-barcelona-clasico,
https://telex.hu/sport/2025/10/27/liverpool-atigazolasok-krizis-szoboszlai-vezeregyeniseg,
https://telex.hu/sport/2025/10/27/kos-hubert-vilagcsucsok-fejlodes-penzdijak,
https://telex.hu/sport/2025/10/26/rovidpalyas-uszo-vilagkupa-kos-hubert-vilagcsucs-100-meteres-hat,
https://telex.hu/sport/2025/10/26/real-madrid-gyozelem-el-clasico-barcelona,
https://telex.hu/sport/2025/10/26/forma-1-mexikoi-nagydij-idomero,
https://telex.hu/sport/2025/10/26/forma-1-mexikoi-nagydij-futam,
https://telex.hu/sport/2025/10/25/kerkez-milos-gol-loverpool-brentford,
https://telex.hu/sport/2025/10/25/kerkez-milos-elso-gol-liverpool,
https://telex.hu/sport/2025/10/24/uszas-kos-hubert-vilagcsucs-200-hatuszas-toronto,
https://telex.hu/sport/2025/10/24/nba-kosarlabda-fbi-fogadasi-csalas-poker-maffia,
https://telex.hu/sport/2025/10/23/szoboszlai-dominik-livepool-frankfurt-gol,
https://telex.hu/sport/2025/10/23/salzburg-ferencvaros-europa-liga,
https://telex.hu/sport/2025/10/23/ruth-chepngetich-maratonfutas-rekorder-dopping-harom-ev-eltiltas,
https://telex.hu/sport/2025/10/23/kezilabda-gyor-ftc-molino-buntetes,
https://telex.hu/sport/2025/10/23/iharos-sandor-5000-meter-vilagcsucs,
https://telex.hu/sport/2025/10/23/ftc-ausztria-kulonvonat-hatar-hegyeshalom-rendorseg,
https://telex.hu/sport/2025/10/23/fbi-sportfogadas-csalas-szerencsejatek-letartoztatas-maffia,
https://telex.hu/sport/2025/10/22/szoboszlai-bajnokok-ligaja-frankfurt-liverpool,
https://telex.hu/sport/2025/10/22/la-liga-elmarad-barca-villarreal-miami,
https://telex.hu/sport/2025/10/22/grof-david-fegyelmi-bizottsag-mlsz-targyalas-4-meccs,
https://telex.hu/sport/2025/10/22/furesz-edit-backyard-ultra-76-ora-futas-509-km,
https://telex.hu/sport/2025/10/21/szoboszlai-dominik-liverpool-nyilatkozat-vereseg-sorozat-bl-eintracht-frankfurt,
https://telex.hu/sport/2025/10/21/roplabda-ugyeszsegi-vizsgalat-alelnok-kontra-elnok,
https://telex.hu/sport/2025/10/21/munkaszerzodes-bokszelnok-kurtucz-csaba,
https://telex.hu/sport/2025/10/21/mjallby-1500-fos-falu-sved-futballbajnok,
https://telex.hu/sport/2025/10/21/golozon-a-bl-ben-a-psg-7-a-barca-es-a-psv-6-6-golt-szerezve-gyozott,
https://telex.hu/sport/2025/10/20/motogp-raul-fernandez-gyozelem-davide-brivio-motorverseny,
https://telex.hu/sport/2025/10/20/kenderesi-tamas-eltiltas-dopping-svajci-legfelsobb-birosag,
https://telex.hu/sport/2025/10/19/ujpest-ferencvaros-magyar-bajnoksag,
https://telex.hu/sport/2025/10/19/liverpool-manchester-united-premier-league,
https://telex.hu/sport/2025/10/19/hansi-flick-eltiltas-obszcen-golorom,
https://telex.hu/sport/2025/10/19/forma-1-amerikai-nagydij-idomero,
https://telex.hu/sport/2025/10/19/forma-1-amerikai-nagydij-futam,
https://telex.hu/sport/2025/10/18/forma-1-amerikai-nagydij-sprint-idomero,
https://telex.hu/sport/2025/10/18/forma-1-amerikai-nagydij-sprint,
https://telex.hu/sport/2025/10/18/ange-postecoglu-edzo-kirugas-nottingham-forest-chelsea-ferencvaros-europa-liga,
https://telex.hu/sport/2025/10/17/szalai-fanni-ezusterem-junior-verseny-triatlon-vilagbajnoksag,
https://telex.hu/sport/2025/10/16/triatlon-vilagbajnoksag-magyar-ezust-bronz,
https://telex.hu/sport/2025/10/15/portugal-magyar-tanulsagok-rossi-lukacs-kerkez-szalai-toth,
https://telex.hu/sport/2025/10/15/magyar-eselyek-foci-vb-potselejtezo,
https://telex.hu/sport/2025/10/15/foci-vb-2026-mar-kijutott-csapatok,
https://telex.hu/sport/2025/10/14/portugalia-magyarorszag-vb-selejtezo-lisszabon,
https://telex.hu/sport/2025/10/14/portugalia-magyarorszag-futball-vilagbajnoksag-vb-selejtezo,
https://telex.hu/sport/2025/10/14/portugal-magyar-lisszabon-elozetes,
https://telex.hu/sport/2025/10/14/patkany-vb-selejtezo-megszakitas-wales-belgium,
https://telex.hu/sport/2025/10/14/a-koszovo-elleni-hazai-vereseg-utan-kirugtak-a-sved-valogatott-szovetsegi-kapitanyat,
https://telex.hu/sport/2025/10/13/kezilabda-gyor-meccs-molino-rasszizmus-fegyelmi-eljaras,
https://telex.hu/sport/2025/10/13/esteban-ocon-f1-baleset-visszaemlekezes,
https://telex.hu/sport/2025/10/12/maraton-sportverseny-futas-reszveteli-rekord,
https://telex.hu/sport/2025/10/12/magyarszabaly-lukacs-daniel-gruber-zsombor,
https://telex.hu/sport/2025/10/12/annus-adrian-egyiptom-edzoskodes-ausztria,
https://telex.hu/sport/2025/10/12/50-valogatott-gol-kocsis-haaland-puskas,
https://telex.hu/sport/2025/10/11/szoboszlai-dominik-magyar-valogatott-csapatkapitany-ormenyorszag-vb-selejtezo-nyilatkozat-varga-barnabas,
https://telex.hu/sport/2025/10/11/sakkfeladvany-pozicio-matt,
https://telex.hu/sport/2025/10/11/portugalia-irorszag-1-0-91-perc-ruben-neves-cristinao-ronaldo-kihagyott-tizenegyes-vb-selejtezo,
https://telex.hu/sport/2025/10/11/magyarorszag-ormenyorszag-vb-selejtezo-vilagbajnoksag-futball,
https://telex.hu/sport/2025/10/11/magyar-ormeny-vb-selejtezo-puskas-arena,
https://telex.hu/sport/2025/10/11/magyar-ormeny-beharangozo-vb-selejtezo,
https://telex.hu/sport/2025/10/10/meghalt-koves-csaba-vivo,
https://telex.hu/sport/2025/10/10/marco-rossi-magyar-valogatott-vilagbajnoki-selejtezo-ormenyorszag,
https://telex.hu/sport/2025/10/10/giro-ditalia-bulgaria-orszaguti-kerekpar,
https://telex.hu/sport/2025/10/10/feroer-szigetek-tortenelmi-gyozelem-vb-selejtezo-4-0-montenegro-turi-geza-david,
https://telex.hu/sport/2025/10/10/budapesti-bajnokok-ligaja-donto-adokedvezmeny-347-millio-matrica,
https://telex.hu/sport/2025/10/10/4-centivel-magasabb-a-zalaegerszegi-kapu-vb-selejtezo-belarusz-dania,
https://telex.hu/sport/2025/10/09/villarreal-barcelona-spanyol-bajnoki-merkozes-miami-usa-tortenelmi-meccs-javier-tebas,
https://telex.hu/sport/2025/10/09/ujpest-stadion-kiemelt-beruhazas-tarsadalmi-egyeztetes,
https://telex.hu/sport/2025/10/09/indonezia-izrael-bojkott-jakartai-torna-tornasz-vilagbajnoksag,
https://telex.hu/sport/2025/10/08/szaudi-gigaszerzodes-ronaldo-focista-milliardos-mennyit-keres-lionel-messi,
https://telex.hu/sport/2025/10/08/nakamura-gukesh-sakkparti-kiraly-eldobas,
https://telex.hu/sport/2025/10/08/mezey-gyorgy-halalhir,
https://telex.hu/sport/2025/10/08/mezey-gyorgy-eletut-fontos-merkozesek,
https://telex.hu/sport/2025/10/07/israel-premier-tech-orszaguti-kerekparos-csapat-nevvaltas-izrael-palesztina-gaza-tiltakozasok,
https://telex.hu/sport/2025/10/06/megserult-dibusz-denes-ferencvaros-kapus-magyar-valogatott-keret-vb-selejtezo-ormenyorszag-portugalia,
https://telex.hu/sport/2025/10/05/valogatott-jatekosok-40-felett-is-fociznak,
https://telex.hu/sport/2025/10/05/forma-1-szingapuri-nagydij-george-russell-max-verstappen-lando-norris-oscar-piastri,
https://telex.hu/sport/2025/10/05/23-ev-utan-megdolt-az-eiffel-toronyra-felbiciklizes-rekordja,
https://telex.hu/sport/2025/10/04/vass-sandor-kezilabda-kapitany-konyv-vb-elodonto-hajfestes,
https://telex.hu/sport/2025/10/04/liverpool-chelsea-2-1-premier-league,
https://telex.hu/sport/2025/10/04/ksi-vizilabda-mento-imres-marton,
https://telex.hu/sport/2025/10/04/george-russell-forma-1-es-szingapuri-nagydij-idomero-edzes-pole-pozicio,
https://telex.hu/sport/2025/10/03/vb-labda-2026-igy-fog-kinezni-foci-labdarugo-vilagbajnoksag,
https://telex.hu/sport/2025/10/02/sydney-olimpia-evfordulo-unneples,
https://telex.hu/sport/2025/10/02/genk-ferencvaros-europa-liga-alapszakasz,
https://telex.hu/sport/2025/10/01/labdarugas-futball-bajnokok-ligaja-bl-qarabag-kobenhavn,
https://telex.hu/sport/2025/10/01/ekler-luca-vilagcsuccsal-lett-aranyermes-paraatletikai-vb-n,
https://telex.hu/sport/2025/10/01/bajnokok-ligaja-barcelona-paris-saint-germain,
https://telex.hu/sport/2025/09/30/rubiksakk-polgar-judit-vilagsakkfesztival,
https://telex.hu/sport/2025/09/30/marc-marquez-megprobaltatasok-mutetek-gyozelem-visszateres,
https://telex.hu/sport/2025/09/30/magyar-valogatott-kerethirdetes-marco-rossi-vb-selejtezo-ormenyorszag-portugalia,
https://telex.hu/sport/2025/09/30/galatasaray-liverpool-bajnokok-ligaja-szoboszlai-kerkez-sallai,
https://telex.hu/sport/2025/09/29/marozsan-sinner-peking-negyeddonto,
https://telex.hu/sport/2025/09/28/morocza-andrea-megnyerte-a-spartathlont,
https://telex.hu/sport/2025/09/28/ferfi-mezonyverseny-orszaguti-kerekpar-vb-ruanda-pogacar-valter-attila,
https://telex.hu/sport/2025/09/28/eto-fc-gyor-ferencvaros-nb-1-fizz-liga-nyolcadik-fordulo-ferencvaros-gyozelem-0-2,
https://telex.hu/sport/2025/09/28/atletico-madrid-real-madrid-5-2-merkozes-la-liga-eredmeny-real-vereseg,
https://telex.hu/sport/2025/09/27/szombathely-haladas-labdarugas-svajci-delli-sport-invest-ag,
https://telex.hu/sport/2025/09/27/liverpool-crystal-palace-meccs-premier-league,
https://telex.hu/sport/2025/09/27/kerekparos-vilagbajnoksag-ruanda-noi-mezonyverseny-magdeleine-vallieres-meglepetes-vas-blanka-37,
https://telex.hu/sport/2025/09/26/sergio-busquets-visszavonulas,
https://telex.hu/sport/2025/09/26/mlsz-nb-i-regionalis-osszehasonlitas-jatekoseladas,
https://telex.hu/sport/2025/09/26/collina-tizenegyesreform-fifa-infantino,
https://telex.hu/sport/2025/09/26/bognar-gyorgy-ormai-dij-mesteredzoi-kollegium,
https://telex.hu/sport/2025/09/26/aranylabda-pontszamok-dembele-foleny-yamal,
https://telex.hu/sport/2025/09/26/a-liverpool-kifizeti-diogo-jota-szerzodesenek-fennmarado-reszet-a-csaladjanak-heti-140-ezer-font,
https://telex.hu/sport/2025/09/25/mount-everest-sieles-potlolagos-oxigen-nelkul,
https://telex.hu/sport/2025/09/25/foci-vb-kabalaallat-javorszarvas-jaguar-feherfeju-retisas,
https://telex.hu/sport/2025/09/25/ferencvaros-plzen-europa-liga-elso-fordulo,
https://telex.hu/sport/2025/09/24/roman-magyar-futsal-botrany-rendorok,
https://telex.hu/sport/2025/09/24/nikitscher-tamas-rio-ave-benfica-portugal-liga-foci,
https://telex.hu/sport/2025/09/24/liverpool-angol-ligakupa-foci-southampton-szoboszlai,
https://telex.hu/sport/2025/09/24/europa-liga-elso-fordulo-dontetlen-gyozelem-vereseg,
https://telex.hu/sport/2025/09/24/arne-slot-liverpool-edzoje-ekitike-piros-lapja-hulyeseg,
https://telex.hu/sport/2025/09/24/64-csapatos-centenariumi-vilagbajnoksag,
https://telex.hu/sport/2025/09/23/dembele-szezonja-aranylabda-szenvedes-es-beindulas,
https://telex.hu/pr-cikk/2025/11/05/flottaman-flottamenedzsment-car-policy-interju-x,
https://telex.hu/pr-cikk/2025/11/04/arnyas-40-villa-suites-x,
https://telex.hu/pr-cikk/2025/10/31/amikor-a-technologia-es-a-design-kez-a-kezben-jar-a-magyar-e-shopok-novekedese-a-favi-hu-val-x,
https://telex.hu/pr-cikk/2025/10/29/ne-hagyja-hogy-atverjek-igy-mehet-biztosra-egy-hasznalt-auto-vasarlasanal-x,
https://telex.hu/pr-cikk/2025/10/29/a-rossmann-nal-az-unnep-a-csaladrol-szol-december-24-en-zarva-tartanak-az-uzletek-x,
https://telex.hu/pr-cikk/2025/10/23/nem-fosztogat-a-magyar-az-56-os-forradalom-a-korabeli-sajtoban-x,
https://telex.hu/pr-cikk/2025/10/22/tanacsok-kezdo-legiutasoknak-igy-bird-ki-amig-repulsz-x,
https://telex.hu/pr-cikk/2025/10/22/mission-possible-1-appal-kinyitni-tobbszaz-autot-ceges-autozas-adomentes-cafeteriaval-x,
https://telex.hu/pr-cikk/2025/10/21/kartyas-fizetes-masodpercek-alatt-barhol-barmikor-mastercard-teya,
https://telex.hu/pr-cikk/2025/10/17/nofilter-a-tudatos-borapolas-kezikonyve-a-rossmanntol-es-a-kremmaniatol-x,
https://telex.hu/pr-cikk/2025/10/16/a-vilag-legnagyobb-technologiai-vasara-a-gitex-global-elerkezik-delkelet-europaba-es-a-hazigazda-belgrad-lesz-x,
https://telex.hu/pr-cikk/2025/10/15/budapest-az-ai-alapu-oktatas-egyik-kozpontja-lett-x,
https://telex.hu/pr-cikk/2025/10/12/szarnyalnak-az-ingatlanarak-de-most-nyerhetsz-egy-uj-epitesu-lakast-x,
https://telex.hu/pr-cikk/2025/10/11/toltsd-le-az-5-eves-myspar-appot-sporolj-es-nyerd-meg-az-uj-peugeot-2008-at-x,
https://telex.hu/pr-cikk/2025/10/11/sos-gyermekfalvak-teged-mennyire-szerettek-x,
https://telex.hu/pr-cikk/2025/10/10/uj-korszak-a-tokebefektetesekben-tortenelmi-csucson-a-hazai-vallalatfelvasarlasok-szama-x,
https://telex.hu/pr-cikk/2025/10/08/kovacs-autoalkatresz-kutatas-a-tobbseg-meg-nem-ker-az-e-autozasbol-x,
https://telex.hu/pr-cikk/2025/10/08/coop-30-eve-a-hazai-termekek-mellett-x,
https://telex.hu/pr-cikk/2025/10/07/a-mult-oroksege-a-jovo-otthonai-ez-a-waterfront-city-x,
https://telex.hu/pr-cikk/2025/10/06/vida-xl-hogyan-varazsolj-az-alberletbol-igazi-otthont-x,
https://telex.hu/pr-cikk/2025/10/03/beindult-az-oszi-eladasi-szezon-a-rejoy-nal-a-legtobben-iphone-13-at-adnak-el-az-oldalon-keresztul-x,
https://telex.hu/pr-cikk/2025/10/02/megnyilt-a-huawei-hivatalos-webshopja-magyarorszagon-az-ujonnan-bemutatott-a-gt-6-szeria-x,
https://telex.hu/pr-cikk/2025/10/02/hajlektalan-emberek-szamara-biztosit-etkezest-a-hajlektalanokert-kozalapitvany-x,
https://telex.hu/pr-cikk/2025/10/01/gazdi-lennel-iden-osszel-teljesulhet-az-almod-x,
https://telex.hu/pr-cikk/2025/09/30/most-itt-a-lehetoseg-tamogatassal-klimahoz-jutni-kattintson-az-egyeni-kalkulacioert-x,
https://telex.hu/pr-cikk/2025/09/29/jovo-heten-ismet-rendezveny-restart-konferencia-az-akvarium-klubban-x,
https://telex.hu/pr-cikk/2025/09/29/a-vilag-ahogy-ritkan-latjuk-world-press-photo-2025-x,
https://telex.hu/pr-cikk/2025/09/23/uj-korszakot-indit-a-lidl-x,
https://telex.hu/podcast/2025/10/19/bryan-johnson-orok-elet-draga-napi-rutin-emberkiserlet-kiprobaltuk,
https://telex.hu/nevertek/2025/11/02/kenyer-liszt-ar-beke,
https://telex.hu/nevertek/2025/11/01/ormenyorszag-cop17-amulsar-aranybanya-kornyezetvedelem,
https://telex.hu/nevertek/2025/10/31/hitelcsapda-a-hagyatekban-mit-tehetunk-ha-adossagot-orokoltunk,
https://telex.hu/nevertek/2025/10/29/credit-suisse-bukasa-utan-3000-befekteto-perelt-21-milliard-dollar-ubs-felvasarlas-szabalyozasi-hiba,
https://telex.hu/nevertek/2025/10/15/zold-csillagok-haboruja-a-fosszilis-birodalom-visszavag,
https://telex.hu/nevertek/2025/10/06/a-lakhatas-vilagnapja-nincs-tarsadalmi-integracio-biztos-lakhatas-nelkul,
https://telex.hu/nevertek/2025/09/30/mikor-fogy-el-az-olaj,
https://telex.hu/nevertek/2025/09/27/szepmuveszeti-felelos-mutargybeszerzes-kozbeszerzes-buntetes-baan-laszlo,
https://telex.hu/napirajz/2025/10/28/elado,
https://telex.hu/napirajz/2025/10/08/jojjon-mar,
https://telex.hu/napirajz/2025/09/29/palackot-nezek,
https://telex.hu/kulfold/2025/11/05/zohran-mamdani-new-york-polgarmester-valasztas-gratulacio-obama-karacsony,
https://telex.hu/kulfold/2025/11/05/zelenszkij-orban-viktor-ukrajna-magyarorszag-oroszorszag-tamogatas,
https://telex.hu/kulfold/2025/11/05/tajfun-fulop-szigetek-halottak-vietnam,
https://telex.hu/kulfold/2025/11/05/szandekosan-tomegbe-hajtott-egy-autos-franciaorszagban-a-letartoztatasakor-allahu-akbar-t-kiabalt,
https://telex.hu/kulfold/2025/11/05/oroszlanok-elaltatas-uj-zeland,
https://telex.hu/kulfold/2025/11/05/orban-trump-talalkozo-washington-utatas-wizzair-kormanytagok-uzletemberek,
https://telex.hu/kulfold/2025/11/05/megnyilt-a-shein-aruhaza-parizsban-felfuggesztek-a-webaruhaukat,
https://telex.hu/kulfold/2025/11/05/lezuhant-a-ups-egy-gepe-a-louisville-repuloter-kozeleben,
https://telex.hu/kulfold/2025/11/05/legalabb-het-hegymaszo-halt-meg-lavinaban-nepalban,
https://telex.hu/kulfold/2025/11/05/japan-halalos-medvetamadasok-katonak-bevetese,
https://telex.hu/kulfold/2025/11/05/guardian-blikk-megvasarlasa-ringier-indamedia-ner,
https://telex.hu/kulfold/2025/11/05/felig-merulo-narkohajot-fogtak-el-az-atlanti-ocean-kozepen,
https://telex.hu/kulfold/2025/11/05/eu-europai-parlament-libe-magyarorszag-jogallamisag-hetes-cikk-jelentes,
https://telex.hu/kulfold/2025/11/05/dronok-brusszel-liege-lezaras,
https://telex.hu/kulfold/2025/11/05/claudia-sheinbaum-mexikoi-elnok-jarokelo-tapogatas,
https://telex.hu/kulfold/2025/11/05/arte-cop30-klimakonferencia-brazilia-europa-tagallamok-klimacel-parizsi-egyezmeny,
https://telex.hu/kulfold/2025/11/05/a-nemet-kancellar-szerint-hamarosan-elkezdodhet-a-szir-menekultek-hazatoloncolasa,
https://telex.hu/kulfold/2025/11/05/a-demokrata-zohran-mamdani-nyerte-a-new-york-i-polgarmester-valasztast,
https://telex.hu/kulfold/2025/11/05/2026-vegeig-maradnak-magyar-katonak-irakban-hogy-kuzdjenek-az-iszlam-allam-ellen-es-vedjek-a-keresztenyeket,
https://telex.hu/kulfold/2025/11/04/zohran-mamdani-cuomo-new-york-polgarmester-valasztas-trump,
https://telex.hu/kulfold/2025/11/04/ukrajna-raketacsapas-dron-mentoauto,
https://telex.hu/kulfold/2025/11/04/tuszejtessel-fenyegetozott-egy-ferfi-a-becsbol-innsbruckba-tarto-vonaton,
https://telex.hu/kulfold/2025/11/04/trump-zohran-mamdani-new-york-cuomo-polgarmester-valasztas-fenyegetes-szovetsegi-tamogatas,
https://telex.hu/kulfold/2025/11/04/roma-munkas-meghalt-kozepkori-torony,
https://telex.hu/kulfold/2025/11/04/horvatorszag-fizetokapuk-megszuntetese-elektronikus-autopalyadij-fizetesi-rendszer,
https://telex.hu/kulfold/2025/11/04/eu-europai-bizottsag-bovitesi-jelentesek-ukrajna-moldova-montenegro-albania-szerbia-bosznia-hercegovina,
https://telex.hu/kulfold/2025/11/04/dick-cheney-meghalt,
https://telex.hu/kulfold/2025/11/04/a-shein-betiltja-a-szexbabak-arusitasat-miutan-a-francia-hatosagok-vizsgalodni-kezdtek-naluk,
https://telex.hu/kulfold/2025/11/03/trump-tomahawk-raketak,
https://telex.hu/kulfold/2025/11/03/trump-nigeriai-keresztenyek-uldozese-nepirtas-beavatkozas-iszlamista-fenyegetes-tinubu,
https://telex.hu/kulfold/2025/11/03/szerbia-belgrad-ujvidek-tuntetes-letartoztatas,
https://telex.hu/kulfold/2025/11/03/roma-torre-dei-conti,
https://telex.hu/kulfold/2025/11/03/megfulladt-huszonhet-kontenerbe-zart-vadaszkutya-egy-spanyol-komphajon,
https://telex.hu/kulfold/2025/11/03/megerkeztek-ukrajnaba-a-patriot-legvedelmi-rendszerek,
https://telex.hu/kulfold/2025/11/03/london-vonat-keseles-vademeles-gyilkossagi-kiserlet,
https://telex.hu/kulfold/2025/11/03/legfobb-katonai-ugyesz-izrael-szivarogtatas-palesztin-kinzas-fogoly-lemondas,
https://telex.hu/kulfold/2025/11/03/kivegeznek-egy-25-eves-irani-not-ha-nem-tud-osszegyujteni-35-millio-forintnyi-verdijat,
https://telex.hu/kulfold/2025/11/03/kina-egyetem-emberi-jogok-kutatas-nemzetbiztonsag-fenyegetes,
https://telex.hu/kulfold/2025/11/03/izrael-tuszok-holttest-atadas-hamasz,
https://telex.hu/kulfold/2025/11/03/halottak-napi-unnepsegen-lottek-le-egy-mexikoi-polgarmestert,
https://telex.hu/kulfold/2025/11/03/george-clooney-kamala-harris-joe-biden-csere-hiba-volt,
https://telex.hu/kulfold/2025/11/03/donald-trump-changpeng-zhao-elnoki-kegyelem-binance-kriptotozsde,
https://telex.hu/kulfold/2025/11/03/carlos-mazon-arviz-valencia-spanyolorszag-lemond,
https://telex.hu/kulfold/2025/11/03/andrew-mountbatten-windsor-andras-herceg-utolso-katonai-rang-megfosztas,
https://telex.hu/kulfold/2025/11/03/air-india-legikatasztrofa-tulelo-videointerju,
https://telex.hu/kulfold/2025/11/03/a-kozepkori-romai-torony-osszedolesen-gunyolodott-az-orosz-kulugyminiszterium-szovivoje,
https://telex.hu/kulfold/2025/11/02/usa-kina-forrodrot-hadsereg-hegseth,
https://telex.hu/kulfold/2025/11/02/trump-nuklearis-fegyverek-tesztelese-chris-wright,
https://telex.hu/kulfold/2025/11/02/trump-atalakittatta-abraham-lincoln-egykori-furdoszobajat-a-feher-hazban,
https://telex.hu/kulfold/2025/11/02/tesla-cybertruck-las-vegas-i-rendorseg-adomany-ben-horowitz,
https://telex.hu/kulfold/2025/11/02/szerbia-ujvidek-vasutallomas-eloteto-leomlasanak-evforduloja-megemlekezes-vucic,
https://telex.hu/kulfold/2025/11/02/peter-thiel-mesterseges-intelligencia-technologia-globalizmus-apokalipszis-antikrisztus,
https://telex.hu/kulfold/2025/11/02/orosz-ukran-haboru-oroszorszag-fekete-tengeri-kikoto,
https://telex.hu/kulfold/2025/11/02/nigeria-trump-keresztenyek-katonai-csapas-iszlam,
https://telex.hu/kulfold/2025/11/02/nemet-hegymaszokat-sodort-el-a-lavina-az-olasz-alpokban,
https://telex.hu/kulfold/2025/11/02/louvre-muzeum-rablas-elkovetok-nem-profi-tolvajok-piti-bunozok-parizs-eszaki-kulvaros-saint-denis,
https://telex.hu/kulfold/2025/11/02/kiderult-hogy-nem-ketto-hanem-csak-egy-gyanusitottja-van-az-angliai-vonaton-tortent-keses-tamadasnak,
https://telex.hu/kulfold/2025/11/02/ket-ismeretlen-dron-repult-egy-belga-legibazis-fole-majd-megleptek-a-hatosagok-helikoptere-elol,
https://telex.hu/kulfold/2025/11/02/keseles-vonat-egyesult-kiralysag-huntington,
https://telex.hu/kulfold/2025/11/02/iran-bejelentette-hogy-ujjaepiti-lebombazott-atomletesitmenyeit,
https://telex.hu/kulfold/2025/11/02/gyerekkulseju-szexbabakat-arusitottak-a-sheinen,
https://telex.hu/kulfold/2025/11/02/belgium-bandahaboru-drogkereskedelem-utcai-lovoldozes-hadsereg-katonasag-arte,
https://telex.hu/kulfold/2025/11/02/anglia-keseles-vonat-bunugy-keir-starmer,
https://telex.hu/kulfold/2025/11/02/andras-herceg-egy-bitcoin-ceg-uzletembereinek-szervezett-latogatast-a-buckingham-palotaban,
https://telex.hu/kulfold/2025/11/02/a-majomszeliditok-langurhangokat-utanozva-riasztjak-el-az-indiai-tolvaj-majmokat,
https://telex.hu/kulfold/2025/11/01/ujvidek-allomas-eloteto-leomlasa-egy-eves-megemlekezes-szerbia,
https://telex.hu/kulfold/2025/11/01/trump-vamok-kanada-reklam-mark-carney,
https://telex.hu/kulfold/2025/11/01/trump-kina-usa-megallapodas-hszi-csin-ping-vam-kereskedelem-azsiai-korut,
https://telex.hu/kulfold/2025/11/01/tobb-szazak-halhattak-tanzaniai-zavargasok-samia-suluhu-hassan-gyozelem-csalas,
https://telex.hu/kulfold/2025/11/01/szerbia-ujvidek-aleksandar-vucic-tragedia-gyasznap,
https://telex.hu/kulfold/2025/11/01/szerbia-belgrad-ujvidek-egyetemistak-menete-az-eloteto-leszakadasanak-evfordulojan-riport,
https://telex.hu/kulfold/2025/11/01/orakat-varattak-fehernemure-vetkoztettek-visszaforditottak-a-magyar-diakokat-a-szerb-hatarorok,
https://telex.hu/kulfold/2025/11/01/oceanjaro-otthagyta-lakatlan-sziget-idos-no-halaleset,
https://telex.hu/kulfold/2025/11/01/mi-mesterseges-intelligencia-lettorszag-vizsga-arte,
https://telex.hu/kulfold/2025/11/01/malta-magyar-no-kabitoszer-borton,
https://telex.hu/kulfold/2025/11/01/maldiv-szigetek-betiltottak-dohanyzas-2007-utan-szuletett,
https://telex.hu/kulfold/2025/11/01/izrael-szerint-a-hamasz-nem-izraeli-tuszok-foldi-maradvanyait-adta-at-penteken,
https://telex.hu/kulfold/2025/11/01/hollandia-valasztas-rob-jetten-d66-geert-wilders-szabadsagpart,
https://telex.hu/kulfold/2025/11/01/hamis-kamu-madeleine-mccann-per-zaklatas-birosag,
https://telex.hu/kulfold/2025/11/01/gaza-tuzszunet-sarga-vonal-hamasz-izrael-holttest-tusz-beke,
https://telex.hu/kulfold/2025/11/01/francia-kormany-louvre-lopas-biztonsagi-rendszer-elavult-vizsgalat-eredmeny,
https://telex.hu/kulfold/2025/11/01/dront-lattak-ket-orara-leallt-a-berlini-brandenburg-repuloter-pentek-este,
https://telex.hu/kulfold/2025/11/01/csak-magyarorszag-nem-irta-ala-az-ujvideki-tragediara-emlekezo-reszvetnyilvanito-kozlemenyt,
https://telex.hu/kulfold/2025/11/01/az-osztrak-szabadsagpart-a-becsi-parlamentben-tisztazna-a-strabag-es-a-tisza-part-feltetelezett-kapcsolatait,
https://telex.hu/kulfold/2025/11/01/arte-romania-nogyilkossag-torveny-buncselekmeny,
https://telex.hu/kulfold/2025/11/01/angol-helyett-inkabb-ir-nyelven-vezetne-a-hivatalat-az-uj-elnok,
https://telex.hu/kulfold/2025/11/01/a-szerb-propagandamedia-pont-olyan-benan-hazudik-mint-a-magyar,
https://telex.hu/kulfold/2025/10/31/ultraortodox-zsido-ferfiak-tuntetes-jeruzsalem-katonai-szolgalat,
https://telex.hu/kulfold/2025/10/31/ukrajna-oroszorszag-oresnyik-raketa-megsemmisit,
https://telex.hu/kulfold/2025/10/31/trump-tagadta-hogy-venezuelai-katonai-celpontok-tamadasara-keszulne,
https://telex.hu/kulfold/2025/10/31/szerbia-ujvidek-allomas-eloteto-leomlasa-evfordulo-diakok-menete-belgradbol,
https://telex.hu/kulfold/2025/10/31/szerbia-leallt-a-vasuti-kozlekedes-bombariado-miatt,
https://telex.hu/kulfold/2025/10/31/pentagon-tomahawk-hosszu-hatotavu-raketak-ukrajna,
https://telex.hu/kulfold/2025/10/31/oroszorszag-ukrajna-robotrepulogep-tamadas-9m729,
https://telex.hu/kulfold/2025/10/31/melissa-hurrikan-halalos-aldozatok-bermuda-erosodes,
https://telex.hu/kulfold/2025/10/31/magyar-ukran-hatar-menekules-beregszaszi-ugyved,
https://telex.hu/kulfold/2025/10/31/lettorszag-kilep-iszambuli-egyezmeny-parlament,
https://telex.hu/kulfold/2025/10/31/kivegzes-kinzas-ukrajna-orosz-katonak-jelentes,
https://telex.hu/kulfold/2025/10/31/gregory-villemin-40-eve-megoldatlan-gyilkossag-ugy-nagyneni-zaklatas-hollo-jacqueline-jacob,
https://telex.hu/kulfold/2025/10/31/donald-trump-vlagyimir-putyin-moszkva-budapest-bekecsucs-level,
https://telex.hu/kulfold/2025/10/31/donald-trump-orban-viktor-amerikai-szankciok-orosz-import-mentesseg,
https://telex.hu/kulfold/2025/10/31/capitolium-ostromlok-kegyelem-letartoztatas-vademeles-trump,
https://telex.hu/kulfold/2025/10/30/szlovenia-novo-mesto-miniszter-lemondas-gyilkossag-etnikai-feszultsegek-roma-tuntetes,
https://telex.hu/kulfold/2025/10/30/sagrada-familia-barcelona-torony-legmagasabb-templom,
https://telex.hu/kulfold/2025/10/30/orosz-felderito-repulogepet-fogtak-el-lengyelek-balti-tenger,
https://telex.hu/kulfold/2025/10/30/melissa-hurrikan-pusztitas-kuba-jamaica-haiti-dominika,
https://telex.hu/kulfold/2025/10/30/megvan-az-orban-trump-talalkozo-helye-es-ideje,
https://telex.hu/kulfold/2025/10/30/megsem-lesz-hid-szicilia-olasz-felsziget-messinai-szoros,
https://telex.hu/kulfold/2025/10/30/louvre-muzeum-rablas-parizs-ujabb-ot-gyanusitottat-vettek-orizetbe,
https://telex.hu/kulfold/2025/10/30/levettek-milorad-dodikot-az-amerikai-szankcios-listarol-boszniai-szerb-koztarsasag-volt-elnok-korrupcio-destabilizacio-daytoni-bekeszerzodes,
https://telex.hu/kulfold/2025/10/30/hollandia-valasztas-eredmeny,
https://telex.hu/kulfold/2025/10/30/hollandia-valasztas-d66-pvv-szabadsagpart-geert-wilders,
https://telex.hu/kulfold/2025/10/30/franciaorszag-gisele-pelicot-ugy-torvenymodositas-nemi-szexualis-eroszak-fogalma-beleegyezes,
https://telex.hu/kulfold/2025/10/30/egyesult-allamok-menekultek-befogadasa-korlatozas,
https://telex.hu/kulfold/2025/10/30/donald-trump-amerikai-elnok-nuklearis-fegyverek-teszteles-pentagon-usa-kina-oroszorszag,
https://telex.hu/kulfold/2025/10/30/andras-herceg-megfosztottak-cimetol-andrew-mountbatten-windsor-karoly-kiralyi-csalad,
https://telex.hu/kulfold/2025/10/29/ukrajna-julija-oszmolovszka-orosz-ukran-haboru-kilatasai-trump-egyesult-allamok-eu,
https://telex.hu/kulfold/2025/10/29/trump-orban-talalkozo,
https://telex.hu/kulfold/2025/10/29/szudan-el-faser-meszarlas-korhaz-rsf,
https://telex.hu/kulfold/2025/10/29/oslo-elektromos-busz-kina,
https://telex.hu/kulfold/2025/10/29/majom-baleset-mississippi,
https://telex.hu/kulfold/2025/10/29/louvre-rablas-gyanusitottak-beismeres,
https://telex.hu/kulfold/2025/10/29/louvre-rablas-biztonsag-kamerak-biztositas,
https://telex.hu/kulfold/2025/10/29/jogallamisag-wjp-rule-of-law-index-2025,
https://telex.hu/kulfold/2025/10/29/jair-netanjahu-izrael-magyarorszag-kozmedia-mcc,
https://telex.hu/kulfold/2025/10/29/harmas-keseles-anglia,
https://telex.hu/kulfold/2025/10/29/etiopiaba-toloncoltak-azt-az-elitelt-szexualis-eroszaktevot-akit-veletlenul-engedtek-ki-egy-brit-bortonbol-hadush-gerberslasie-kebatu,
https://telex.hu/kulfold/2025/10/29/elerte-kubat-a-melissa-hurrikan-tropusi-vihar-200-km-oras-szellokesek-karibi-terseg,
https://telex.hu/kulfold/2025/10/29/donald-trump-del-korea-dzsemjong-ajandek-kiralyi-atanykorona-masolata-mugunghwa-marahuhuspogacsa-ketchup,
https://telex.hu/kulfold/2025/10/29/donald-trump-amerikai-elnok-gazai-tuzszunet-izrael-hamasz-lovoldozes-legicsapas,
https://telex.hu/kulfold/2025/10/29/barath-gyorgy-magannyomozo-bosznia,
https://telex.hu/kulfold/2025/10/29/amerikai-katonak-kivonasa-romania-nato,
https://telex.hu/kulfold/2025/10/28/zelenszkij-barhol-kesz-beketargyalasra-ami-nem-oroszorszag-belarusz,
https://telex.hu/kulfold/2025/10/28/waldemar-zurek-zbigniew-ziobro-volt-lengyel-igazsagugyi-miniszter-budapesti-eloadas-mentelmi-jog-felfuggesztese-letartoztatas,
https://telex.hu/kulfold/2025/10/28/szijjarto-lavrov-talalkozo-minszk-amerikai-szankciok,
https://telex.hu/kulfold/2025/10/28/nyolc-magyar-turistaval-a-fedelzeten-lezuhant-egy-kisrepulo-kenyaban,
https://telex.hu/kulfold/2025/10/28/nagy-britannia-autosok-vakito-feny-led-felmeres-kozlekedesbiztonsag,
https://telex.hu/kulfold/2025/10/28/mombasa-air-safari-elnok-gep-allapot,
https://telex.hu/kulfold/2025/10/28/la-repubblica-orban-interju-hibat-kovetett-el-szankciokkal-orban-balazs-felreertelmezes,
https://telex.hu/kulfold/2025/10/28/ket-kiskoru-magyar-aldozatok-kozott-kenya-repulogep-szerencsetlenseg,
https://telex.hu/kulfold/2025/10/28/jamaica-hurrkan-az-ev-legerosebb-vihara-szel-karib-tenger,
https://telex.hu/kulfold/2025/10/28/hollandia-parlamenti-valasztasok-kampany-geert-wilders-szabadsagpart,
https://telex.hu/kulfold/2025/10/28/haborus-bun-oroszorszag-drontamadas-civilek-ellen-ukrajna-ensz-jelentes,
https://telex.hu/kulfold/2025/10/28/csehorszag-szlovakia-magyarorszag-blokk-ukrajna-szkeptikus-szovetseg,
https://telex.hu/kulfold/2025/10/28/brazilia-rio-de-janeiro-rendorseg-drog-64-halott-razzia,
https://telex.hu/kulfold/2025/10/28/benjamin-netanjahu-izrael-legicsapasok-gaza-izraeli-palesztin-konfliktus-tuzszunet,
https://telex.hu/kulfold/2025/10/28/arte-europa-orvos-hiany-egeszsegugy-idopont-vizsgalat,
https://telex.hu/kulfold/2025/10/28/andras-herceg-lanya-18-szuletesnapi-parti-otthonaba-meghivta-epstein-maxwell-weinstein,
https://telex.hu/kulfold/2025/10/28/14-halott-tamadas-kabitoszer-csempeszhajo-csendes-ocean-usa,
https://telex.hu/kulfold/2025/10/27/trump-a-tokioba-tarto-utjan-harom-fontosat-is-mondott-az-egyik-muskrol-szolt,
https://telex.hu/kulfold/2025/10/27/san-francisco-kutyai-sokan-vannak-a-gazdaik-illetlenek,
https://telex.hu/kulfold/2025/10/27/racz-andras-orosz-ukran-haboru-tuzszunet-trump-repulo-csernobil,
https://telex.hu/kulfold/2025/10/27/praga-jatszoter-ketmillio-forintnyi-korona-rendorseg,
https://telex.hu/kulfold/2025/10/27/paul-biya-elnok-kamerun-92-eves-valasztas-gyozelem,
https://telex.hu/kulfold/2025/10/27/oroszorszag-raketa-repulo-csernobil-teszt-donald-trump-reakcio,
https://telex.hu/kulfold/2025/10/27/orosz-kulugyminiszterium-youtube-ultrahang,
https://telex.hu/kulfold/2025/10/27/orban-viktor-washington-orosz-szankcio,
https://telex.hu/kulfold/2025/10/27/orban-viktor-arra-kerte-a-papat-hogy-tamogassa-haboruellenes-erofesziteseit,
https://telex.hu/kulfold/2025/10/27/notre-dame-szekesegyhaz-eskuvo,
https://telex.hu/kulfold/2025/10/27/matt-whitaker-usa-magyarorszag-orosz-gaz-terv,
https://telex.hu/kulfold/2025/10/27/litvania-vilnius-belarusz-hatarsertes,
https://telex.hu/kulfold/2025/10/27/javier-milei-partja-nyert-az-argentin-idokozi-valasztason,
https://telex.hu/kulfold/2025/10/27/egyesult-allamok-gavin-newsom-elnokjelolt-kampany,
https://telex.hu/kulfold/2025/10/27/csehorszag-andrej-babis-ano-kormanyalakitasi-megbizas,
https://telex.hu/kulfold/2025/10/27/brigitte-macron-franciaorszag-alhir-per,
https://telex.hu/kulfold/2025/10/27/az-oroszok-szerint-ukran-dronok-tamadtak-moszkvat,
https://telex.hu/kulfold/2025/10/27/amerikai-kormanyzati-leallas-shutdown-koltsegvetes-nelkul-novembertol-leallnak-az-elelmiszersegelyek,
https://telex.hu/kulfold/2025/10/26/uszo-labubu-hongkong-kikoto,
https://telex.hu/kulfold/2025/10/26/ultrahang-lavrov-interju,
https://telex.hu/kulfold/2025/10/26/trump-putyin-talalkozo-zelenszkij,
https://telex.hu/kulfold/2025/10/26/tagadta-hogy-megtenne-megis-eldozeroltatta-trump-a-feher-haz-egy-reszet-gigantikus-balterme-erdekeben,
https://telex.hu/kulfold/2025/10/26/pakisztan-afganisztan-tuzszunet-megsertese-hatar,
https://telex.hu/kulfold/2025/10/26/oroszorszag-sikeresen-tesztelte-a-repulo-csernobilt-amivel-a-legvedelmet-is-kikerulne,
https://telex.hu/kulfold/2025/10/26/orosz-ukran-haboru-ukrajna-harom-falut-visszafoglalt,
https://telex.hu/kulfold/2025/10/26/mindig-orommel-varjuk-lavrov-kulugyminiszter-urat-az-ultrahangon-szijjartonal-lobbizott-sikerrel-az-ultrahang-musorvezetoje,
https://telex.hu/kulfold/2025/10/26/hamasz-voroskereszt-tuszok,
https://telex.hu/kulfold/2025/10/26/gyerekek-is-megserultek-egy-kijevet-ert-orosz-legitamadasban,
https://telex.hu/kulfold/2025/10/26/eu-oraatallitas-eltorles-visszavonas-europai-bizottsag-cafolat-europai-parlament-vita,
https://telex.hu/kulfold/2025/10/26/elfogtak-ket-ferfit-akiket-a-parizsi-louvre-kirablasaval-gyanusitanak,
https://telex.hu/kulfold/2025/10/26/elfogtak-azt-a-menedekkerot-akit-tevedesbol-engedtek-ki-a-bortonbol-ahova-szexualis-zaklatas-miatt-kerult,
https://telex.hu/kulfold/2025/10/26/eletfogytiglant-kapott-az-a-ferfi-aki-emberi-maradvanyokkal-teli-borondot-hagyott-egy-bristoli-hidon,
https://telex.hu/kulfold/2025/10/26/ekrem-imamoglu-isztambul-polgarmester-kemkedes-kihallgatas,
https://telex.hu/kulfold/2025/10/26/egyesult-allamok-vamhivatal-foto-belepo-kulfoldiek,
https://telex.hu/kulfold/2025/10/26/brabant-rablobanda-gyilkossag-megoldatlan-ugy-vizsgalat-belgium-franciaorszag-csendor,
https://telex.hu/kulfold/2025/10/26/belgrad-is-bejelentkezett-hazigazdanak-trump-es-putyin-csucstalalkozojara,
https://telex.hu/kulfold/2025/10/26/az-oroszok-ezuttal-a-japan-legteret-sertettek-meg,
https://telex.hu/kulfold/2025/10/26/a-szloven-belugyminiszter-es-az-igazsagugyi-miniszter-is-lemondott-egy-emberoles-miatt,
https://telex.hu/kulfold/2025/10/25/usa-alaszka-olaj-es-gazkitermeles,
https://telex.hu/kulfold/2025/10/25/ukrajna-orosz-tamadas-kijev-haboru,
https://telex.hu/kulfold/2025/10/25/trump-eszak-korea-kim-dzsongun,
https://telex.hu/kulfold/2025/10/25/szakertoi-kormany-bizottsag-veheti-at-gaza-iranyitasat,
https://telex.hu/kulfold/2025/10/25/orban-roma-xiv-leo-papa-meloni-talalkozo,
https://telex.hu/kulfold/2025/10/25/meghalt-a-turista-aki-het-metert-zuhant-a-romai-pantheon-keriteserol,
https://telex.hu/kulfold/2025/10/25/magas-tatra-41-eves-magyar-turista-lezuhant-es-meghalt,
https://telex.hu/kulfold/2025/10/25/louvre-francia-nemzeti-bank-rablas,
https://telex.hu/kulfold/2025/10/25/kiderult-ki-az-a-titkos-milliardos-aki-130-millio-dollart-adott-az-amerikai-katonak-kifizetesere,
https://telex.hu/kulfold/2025/10/25/kamala-harris-ujra-indulhat-az-elnoksegert,
https://telex.hu/kulfold/2025/10/25/egyesult-allamok-szankciok-oroszorszag-europai-unio-lukoil,
https://telex.hu/kulfold/2025/10/25/catherine-connolly-irorszag-elnokvalasztas,
https://telex.hu/kulfold/2025/10/25/ausztria-halalos-baleset-a9-autopalya,
https://telex.hu/kulfold/2025/10/25/a-cseh-netezok-ket-nap-alatt-osszedobtak-egy-olyan-raketara-amivel-az-ukranok-elerhetik-akar-moszkvat-is,
https://telex.hu/kulfold/2025/10/24/trump-szankciot-vetett-ki-kolumbiai-elnok-eszkalacio,
https://telex.hu/kulfold/2025/10/24/parizs-louvre-rablas-daru-kocsi-nemet-ceg-reklam,
https://telex.hu/kulfold/2025/10/24/magannyomozo-cege-van-extitkosszolga-es-szerbiaban-is-tobbszor-jart-a-boszniaban-eloallitott-magyar-ferfiak-egyike,
https://telex.hu/kulfold/2025/10/24/louvre-muzeum-rablas-nyomok-dns-rendorseg-nyomozas,
https://telex.hu/kulfold/2025/10/24/leallitja-ontario-miniszterelnok-vamellenes-reklam-trump-kiakadt-rajta,
https://telex.hu/kulfold/2025/10/24/korozest-adtak-ki-tevesen-elengedett-szexualis-zaklato-elitelt,
https://telex.hu/kulfold/2025/10/24/horvatorszagban-visszaallitottak-kotelezo-sorkatonasag-parlament-szavazas,
https://telex.hu/kulfold/2025/10/24/franciaorszag-gyilkossag-nemi-eroszak-itelet-eletfogytiglan,
https://telex.hu/kulfold/2025/10/24/eu-europai-tanacs-von-der-leyen-costa-sajtotajekoztato-vegkovetkeztetesek,
https://telex.hu/kulfold/2025/10/24/eu-europai-tanacs-orban-doorstep,
https://telex.hu/kulfold/2025/10/24/egyesult-allamok-repulogep-hordozo-karib-terseg,
https://telex.hu/kulfold/2025/10/24/donald-trump-egyesult-allamok-kanada-targyalasok-tv-reklam,
https://telex.hu/kulfold/2025/10/24/ausztria-baleset-fiatal-halaleset-mentohelikopter,
https://telex.hu/kulfold/2025/10/23/trump-lemondtam-a-talalkozot-putyinnal-nem-ereztem-megfelelonek,
https://telex.hu/kulfold/2025/10/23/teljesen-lebontjak-a-feher-haz-keleti-szarnyat-hogy-ott-trump-balterme-allhasson,
https://telex.hu/kulfold/2025/10/23/orosz-ukran-haboru-zaporizzsjai-atomeromu-aramellatas,
https://telex.hu/kulfold/2025/10/23/orosz-ukran-haboru-voldimir-zelenszkij-orosz-vagyon-jovatetel,
https://telex.hu/kulfold/2025/10/23/orosz-ukran-haboru-europai-unio-szankciok-oroszorszag,
https://telex.hu/kulfold/2025/10/23/nicolas-sarkozy-borton-halalos-fenyegetes,
https://telex.hu/kulfold/2025/10/23/marco-rubio-ciszjordania-elcsatolas-izrael-figyelmeztetes,
https://telex.hu/kulfold/2025/10/23/litvania-legtersertes-orosz-repulogepek,
https://telex.hu/kulfold/2025/10/23/kulfold-gazdasag-orosz-ukran-haboru-usa-uj-szankciok,
https://telex.hu/kulfold/2025/10/23/iii-karoly-xiv-leo-kozos-ima,
https://telex.hu/kulfold/2025/10/23/eu-europai-tanacs-vedelem-biztonsag-orban-erkezes,
https://telex.hu/kulfold/2025/10/23/eu-europai-tanacs-orban-oktober-23-bekemenet,
https://telex.hu/kulfold/2025/10/23/egyesult-allamok-washington-nemzeti-garda-star-wars-tuntetes-per,
https://telex.hu/kulfold/2025/10/23/egyesult-allamok-drog-hajo-tamadas-csendes-ocean,
https://telex.hu/kulfold/2025/10/23/donald-trump-hszi-csin-ping-talalkozo-korea,
https://telex.hu/kulfold/2025/10/23/bukarest-orosz-nagykovetseg-speed-fogorvos,
https://telex.hu/kulfold/2025/10/23/bosznia-hercegovina-magyar-allampolgarok-kemkedes-gyanuja,
https://telex.hu/kulfold/2025/10/22/zelenszkij-kompromisszum-frontvonal-befagyasztas-orosz-ukran-haboru,
https://telex.hu/kulfold/2025/10/22/volodimir-zelenszkij-ukran-elnok-svedorszag-100-150-darab-gripen-vadaszgep-beszerzes,
https://telex.hu/kulfold/2025/10/22/ukrajna-raketa-dron-tamadas-halalos-aldozatok,
https://telex.hu/kulfold/2025/10/22/szerbia-belgrad-lovoldozes-terrortamadas-idos-ferfi,
https://telex.hu/kulfold/2025/10/22/rubio-lavrov-talalkozo-halasztas-egyesult-allamok-oroszorszag,
https://telex.hu/kulfold/2025/10/22/robert-fico-orban-eu-csucstalalkozo-szankcio-oroszorszag-orosz-ukran-haboru,
https://telex.hu/kulfold/2025/10/22/nicolas-sarkozy-borton-cella-rendori-kiseret,
https://telex.hu/kulfold/2025/10/22/louvre-rablas-igazgato-lemondas-kulturalis-miniszter-franciaorszag-parizs,
https://telex.hu/kulfold/2025/10/22/louvre-muzeum-lopas-osszertek-franciaorszag,
https://telex.hu/kulfold/2025/10/22/louvre-betores-rablas-ekszertolvajok-biztonsagi-kamera-muzeum-igazgato,
https://telex.hu/kulfold/2025/10/22/kulfold-szijjarto-peter-marco-rubio-washington-talalkozo-donald-trump-vlagyimir-putyin-budapest,
https://telex.hu/kulfold/2025/10/22/irorszag-dublin-tuntetes-menedekkerok-bevandorlas,
https://telex.hu/kulfold/2025/10/22/franciaorszag-betores-muzeum-lopas-numizmatika-ermek-arany-ezust,
https://telex.hu/kulfold/2025/10/22/europai-parlament-andrej-pacsobut-mzia-amaglobeli-szaharov-dij,
https://telex.hu/kulfold/2025/10/22/eu-europai-parlament-ukrajna-oroszorszag-trump-putyin-csucs-vita,
https://telex.hu/kulfold/2025/10/22/eu-europai-parlament-repowereu-allaspont-plenaris-szavazas,
https://telex.hu/kulfold/2025/10/22/eu-europai-parlament-europai-bizottsag-kemkedes-varhelyi,
https://telex.hu/kulfold/2025/10/22/eu-europai-bizottsag-varhelyi-kemkedes-europai-parlament,
https://telex.hu/kulfold/2025/10/22/eszak-korea-raketa-del-korea-trump-apec,
https://telex.hu/kulfold/2025/10/22/donald-trump-feher-haz-balterem-epites-keleti-szarny-bontas,
https://telex.hu/kulfold/2025/10/21/tettre-keszek-koalicioja-level-europai-tanacs,
https://telex.hu/kulfold/2025/10/21/robert-fico-merenylet-loves-itelet-juraj-cintula-21-ev-borton,
https://telex.hu/kulfold/2025/10/21/parizs-kornyeke-tornado-daru-halaleset,
https://telex.hu/kulfold/2025/10/21/nicolas-sarkozy-bortonbuntetes-bevonult,
https://telex.hu/kulfold/2025/10/21/nem-terveznek-trump-putyin-talalkozot-a-kozeljovoben-feher-haz-budapest,
https://telex.hu/kulfold/2025/10/21/marco-rubio-szergej-lavrov-talalkozo-csuszas,
https://telex.hu/kulfold/2025/10/21/louvre-betores-rablas-tolvajok-ekszerek-bunugy,
https://telex.hu/kulfold/2025/10/21/lisszaboni-sikolo-baleset-elozetes-jelentes,
https://telex.hu/kulfold/2025/10/21/lengyel-kulugyminiszter-putyin-trump-talalkozo-nem-tudjak-garantalni-hogy-nem-kenyszeritenek-le-putyin-repulogepet,
https://telex.hu/kulfold/2025/10/21/gaza-hamasz-izrael-trump-usa-diplomacia-tuzszunet-osszecsapas-beke,
https://telex.hu/kulfold/2025/10/21/franciaorszag-parizsi-termeszettudomanyi-muzeum-aranyrog-lopas,
https://telex.hu/kulfold/2025/10/21/europai-vezetok-tettre-keszek-koalicioja-budapest-putyin-trump-talalkozo-volodimir-zelenszkij,
https://telex.hu/kulfold/2025/10/21/eu-europai-unio-tanacsa-hetes-cikk-europai-tanacs-elokeszites-bjerre-mcgrath-sajtotajekoztato,
https://telex.hu/kulfold/2025/10/21/eu-europai-unio-tanacsa-boka-doorstep-hetes-cikk-mff-europai-tanacs-csucstalalkozo-elokeszites,
https://telex.hu/kulfold/2025/10/21/eu-europai-parlament-jogositvany-1,
https://telex.hu/kulfold/2025/10/21/eu-europai-parlament-daphne-caruana-galizia-dij,
https://telex.hu/kulfold/2025/10/21/egyesult-allamok-oroszorszag-donald-trump-vlagyimir-putyin-talalkozo-elnapolas,
https://telex.hu/kulfold/2025/10/21/donald-trump-nemzeti-garda-chicago-portland-haborus-ovezet-idegenrendeszet,
https://telex.hu/kulfold/2025/10/21/arte-eurpa-lakhatasi-valsag-fiatalok-alberlet,
https://telex.hu/kulfold/2025/10/21/andras-herceg-brit-kiralyi-csalad-lemond-cimerol-virginia-giuffre-pedofil-vadak-epstein,
https://telex.hu/kulfold/2025/10/21/a-heavy-metal-rajongo-leendo-vaslady-lett-japan-uj-miniszterelnoke,
https://telex.hu/kulfold/2025/10/20/zelenszkij-budapest-donald-trump-orban,
https://telex.hu/kulfold/2025/10/20/volodimir-zelenszkij-london-tettre-keszek-koalicioja-talalkozo,
https://telex.hu/kulfold/2025/10/20/vlagyimir-putyin-orosz-elnok-budapest-talalkozo-bulgaria-legter-donald-trump,
https://telex.hu/kulfold/2025/10/20/virginia-giuffre-jeffrey-epstein-andras-herceg-memoar,
https://telex.hu/kulfold/2025/10/20/terassa-fekete-macska-halloween,
https://telex.hu/kulfold/2025/10/20/marco-rubio-szergej-lavrov-telefonbeszelgetes-orosz-ukran-haboru-donald-trump-vlagyimir-putyin-talalkozo,
https://telex.hu/kulfold/2025/10/20/louvre-rablas-nyomozas-lopas,
https://telex.hu/kulfold/2025/10/20/kina-egyesult-allamok-vam-kereskedelmi-haboru-donald-trump-hszi-csinping,
https://telex.hu/kulfold/2025/10/20/kiderult-hogy-mi-okozta-jane-goodall-halalat,
https://telex.hu/kulfold/2025/10/20/franciaorszag-borton-nicolas-sarkozy-vip-reszleg-cella-zarka,
https://telex.hu/kulfold/2025/10/20/eu-europai-unio-tanacsa-szijjarto-kallas-ukrajna-oroszorszag,
https://telex.hu/kulfold/2025/10/20/eu-europai-unio-tanacsa-budapest-putyin-trump-talalkozo-reakciok,
https://telex.hu/kulfold/2025/10/20/emirates-hong-kong-kifuto-repulogep,
https://telex.hu/kulfold/2025/10/20/donald-trump-ukrajna-terulet-donbasz-felosztas,
https://telex.hu/kulfold/2025/10/20/csehorszag-praga-elektromos-roller-betiltas,
https://telex.hu/kulfold/2025/10/20/alice-weidel-afd-xxi-szazad-intezet-beszed,
https://telex.hu/kulfold/2025/10/19/zelenszkij-ukrajna-budapesti-talalkozo-putyin-trump-hamasz,
https://telex.hu/kulfold/2025/10/19/wikipedia-konferencia-onkentes-fegyveres-ongyilkossag,
https://telex.hu/kulfold/2025/10/19/trump-gustavo-petro-kolumbiai-elnok-drogdiler,
https://telex.hu/kulfold/2025/10/19/rablas-tortent-a-louvre-ban-lezartak-a-muzeumot,
https://telex.hu/kulfold/2025/10/19/papa-szentte-avatasok,
https://telex.hu/kulfold/2025/10/19/oroszorszag-tamadas-ukrajna-banyaszok-evakualas,
https://telex.hu/kulfold/2025/10/19/michelle-vanek-20-ev-eltunes-turazo-colorado-mentocsapat-kutatas-lelkesz-hegy,
https://telex.hu/kulfold/2025/10/19/louvre-tolvajok-menekules-korona-elvesztes,
https://telex.hu/kulfold/2025/10/19/louvre-rablas-parizs-franciaorszag,
https://telex.hu/kulfold/2025/10/19/los-angeles-altadena-epitkezes-edwin-castro-tuzvesz-leegett-ujjaepites,
https://telex.hu/kulfold/2025/10/19/krokodil-luxushotel-queensland-ausztralia,
https://telex.hu/kulfold/2025/10/19/kambodzsa-emberrablas-del-korea-internetes-atveres,
https://telex.hu/kulfold/2025/10/19/izrael-a-tuzszunet-nyilvanvalo-megsertesevel-vadolja-a-hamaszt,
https://telex.hu/kulfold/2025/10/19/gustavo-petro-kolumbia-usa-feszultseg-halasz-meggyilkolasa,
https://telex.hu/kulfold/2025/10/19/eszak-koreai-katona-szokes-delre,
https://telex.hu/kulfold/2025/10/19/ausztria-lany-ruhaszarito-onkentes-tuzoltok,
https://telex.hu/kulfold/2025/10/19/andras-herceg-rendorseg-eljaras-titulus-lemondas-botranyok,
https://telex.hu/kulfold/2025/10/19/air-china-akkumulator-kenyszerleszallas-tuz-fedelzet,
https://telex.hu/kulfold/2025/10/19/afganisztan-pakisztan-tuzszunet-katar,
https://telex.hu/kulfold/2025/10/18/zelenszkij-trump-washington-targyalas-tomahawk-putyin-talalkozo-elott,
https://telex.hu/kulfold/2025/10/18/takaicsi-szanae-japan-leendo-miniszterelnok-elso-no,
https://telex.hu/kulfold/2025/10/18/parajdi-sobanya-katasztrofa-erdely-parajd-salrom-jelentes-mulasztas-miniszterelnoki-hivatal-romania,
https://telex.hu/kulfold/2025/10/18/no-kings-donald-trump-elleni-tuntetesek-egyesult-allamok,
https://telex.hu/kulfold/2025/10/18/krakko-eroller-lengyelorszag-hid,
https://telex.hu/kulfold/2025/10/18/izrael-gazai-ovezet-tuzszunet-tuszok-palesztin-foglyok,
https://telex.hu/kulfold/2025/10/18/gaza-busz-izraeli-tamadas-11-halal-hamasz-izrael-tuzszunet,
https://telex.hu/kulfold/2025/10/18/arte-orosz-ukran-haboru-menekultek-nemetorszag-humanitarius-vizumprogram,
https://telex.hu/kulfold/2025/10/17/volodimir-zelenszkij-donald-trump-vlagyimir-putyin-egyesult-allamok-washington-budapest,
https://telex.hu/kulfold/2025/10/17/vlagyimir-putyin-europai-unio-utazas-vagyon-befagyasztas,
https://telex.hu/kulfold/2025/10/17/vlagyimir-putyin-budapest-nemzetkozi-buntetobirosag-icc-elfogatoparancs,
https://telex.hu/kulfold/2025/10/17/vegleg-szakitottak-az-europai-szocialistak-fico-partjaval,
https://telex.hu/kulfold/2025/10/17/vadat-emeltek-john-bolton-ellen-trump-volt-nemzetbiztonsagi-tanacsado,
https://telex.hu/kulfold/2025/10/17/ukrajna-szlovakia-miniszterelnok-fico-szviridenko-kassai-talalkozo-eu-csatlakozas,
https://telex.hu/kulfold/2025/10/17/trump-zelenszkij-talalkozo-washington-tomahawk-putyin,
https://telex.hu/kulfold/2025/10/17/trump-putyin-talalkozo-budapesten-repulo-kreml-eu-legter-hasznalata,
https://telex.hu/kulfold/2025/10/17/trump-putyin-talalkozo-budapest-orban,
https://telex.hu/kulfold/2025/10/17/trump-putyin-talalkozo-budapest,
https://telex.hu/kulfold/2025/10/17/reuters-amerikai-hadihajo-karib-tenger-drogcsempesz-hajo-tuleloi-venezuela,
https://telex.hu/kulfold/2025/10/17/peru-elnok-jose-jeri-lemondas-gen-z-tuntetes,
https://telex.hu/kulfold/2025/10/17/pakisztan-afganisztan-konfliktus-ongyilkos-tamadas,
https://telex.hu/kulfold/2025/10/17/nagy-britannia-magyar-kamionsofor-heroin-csempeszet-borton,
https://telex.hu/kulfold/2025/10/17/minden-kiralyi-cimerol-lemond-andras-herceg,
https://telex.hu/kulfold/2025/10/17/kulfold-zelenszkij-feher-haz-trump-targyalas,
https://telex.hu/kulfold/2025/10/17/karoly-kiraly-xiv-leo-papa-kozos-ima,
https://telex.hu/kulfold/2025/10/17/isak-andic-mango-alapito-halal-nyomozas,
https://telex.hu/kulfold/2025/10/17/eszaki-aramlat-felrobbantasa-lengyel-birosag-kiadatas-volodimir-zsuravlov,
https://telex.hu/kulfold/2025/10/17/egyesult-allamok-venezuela-drog-hajo-tamadas-tulelok,
https://telex.hu/kulfold/2025/10/17/dmitrij-peszkov-oroszorszag-budapesti-csucs-trump-es-putyin-kozott,
https://telex.hu/kulfold/2025/10/16/trump-putyin-talalkozo-budapest-elokeszuletek-lavrov-rubio-telefonbeszelgetes,
https://telex.hu/kulfold/2025/10/16/trump-ket-heten-belul-talalkozhat-putyinnal-budapesten,
https://telex.hu/kulfold/2025/10/16/trump-es-putyin-budapesten-fog-targyalni-az-orosz-ukran-haboru-lezarasarol,
https://telex.hu/kulfold/2025/10/16/sebastien-lecornu-francia-kormany-franciaorszag-bizalmatlansagi-szavazas,
https://telex.hu/kulfold/2025/10/16/izraeli-tuszok-holttestek-hamasz-fegyverszunet,
https://telex.hu/kulfold/2025/10/16/ipolysagi-meregkevero-gyonyor-terez-itelet-birosag,
https://telex.hu/kulfold/2025/10/16/eu-europai-parlament-szaharov-dij-2025-shortlist,
https://telex.hu/kulfold/2025/10/16/eu-europai-bizottsag-vedelempolitika-utemterv-kallas,
https://telex.hu/kulfold/2025/10/16/eu-eurobarometer-media-politika-kozvelemeny-kutatas,
https://telex.hu/kulfold/2025/10/16/donald-trump-cia-venezuela-nicolas-maduro-rezsimvaltas,
https://telex.hu/kulfold/2025/10/16/az-europai-parlament-ele-kerul-a-brusszeli-magyar-kembotrany,
https://telex.hu/kulfold/2025/10/15/venezuela-tren-de-aragua-kartell-legicsapas-drogcsempesz-egyesult-allamok-trump,
https://telex.hu/kulfold/2025/10/15/toroltek-a-25-eves-fegyhazbunteteset-szabadlabra-kerult-gyonyor-terez-az-ipolysagi-sorozatmergezo,
https://telex.hu/kulfold/2025/10/15/szijjarto-peter-donald-trump-moszkva-beke-nobel,
https://telex.hu/kulfold/2025/10/15/pete-hegseth-pentagon-vezer-repulo-ablak-repedes-kenyszerleszallas,
https://telex.hu/kulfold/2025/10/15/orban-viktor-daniel-freund-feljelentes-europai-parlament-kemszoftver-levelezes,
https://telex.hu/kulfold/2025/10/15/nemetorszag-kotelezo-sorkatonasag-vita-kormany,
https://telex.hu/kulfold/2025/10/15/margaret-thatcher-hazassag-viszony-nagy-britannia-miniszterelnok,
https://telex.hu/kulfold/2025/10/15/makao-egeszsegugy-turizmus-korhaz-szerencsejatek,
https://telex.hu/kulfold/2025/10/15/madagaszkar-michael-randrianirina-ezredes-elnok-katonasag-tiltakozasok-tuntetesek,
https://telex.hu/kulfold/2025/10/15/gruziai-valasztasok-kamu-magyar-valasztasi-megfigyelok-europai-demokratikus-valasztasok-platformja,
https://telex.hu/kulfold/2025/10/15/gazai-ovezet-beke-hamasz-izrael-palesztin-trump-kerdesek,
https://telex.hu/kulfold/2025/10/15/franciaorszag-gerard-miller-pszichologus-pszichoanalitikus-hipnozis-alatt-szexualis-zaklatas-eroszak-vademeles,
https://telex.hu/kulfold/2025/10/15/egyesult-allamok-donald-trump-elbocsatasok-kormanyzat,
https://telex.hu/kulfold/2025/10/15/charlie-kirk-halala-unneples-poszt-kulfoldi-amerikai-vizum-visszavonas-kulugy-szolasszabadsag,
https://telex.hu/kulfold/2025/10/15/arte-nobel-dijas-europai-kutatok-elvandorlas-amerikaba-agyelszivas,
https://telex.hu/kulfold/2025/10/15/afganisztan-pakisztan-hatarvidek-osszecsapas-talib-iszlam-allam,
https://telex.hu/kulfold/2025/10/15/a-hamasz-ujabb-negy-halott-izraeli-tuszt-adott-vissza,
https://telex.hu/kulfold/2025/10/14/who-alkoholbetegseg-alkoholizmus-csokkentes-eu,
https://telex.hu/kulfold/2025/10/14/ugyved-mi-penzugyi-vita-csaladtagok-birosag-szankcio,
https://telex.hu/kulfold/2025/10/14/szlovakia-vonatbaleset-orizet-mozdonyvezeto,
https://telex.hu/kulfold/2025/10/14/roma-vatikan-szent-peter-sir-szenteles-xiv-leo-papa,
https://telex.hu/kulfold/2025/10/14/robbantas-harom-rendor-halalos-aldozatok-verona-kilakoltatas,
https://telex.hu/kulfold/2025/10/14/palesztina-hamasz-gaza-kivegzes,
https://telex.hu/kulfold/2025/10/14/oslo-venezuela-nagykovetseg-bezaras-nobel-bekedij,
https://telex.hu/kulfold/2025/10/14/olajfinomito-tamadas-krim-felsziget-oroszok-ukrajna,
https://telex.hu/kulfold/2025/10/14/nato-mark-rutte-orosz-tengeralattjaro,
https://telex.hu/kulfold/2025/10/14/mihail-hodorkovszkij-buntetoeljaras-oroszorszag-fszb-puccs-terrorizmus,
https://telex.hu/kulfold/2025/10/14/media-sajto-amerika-szabalyok-pentagon-vedelmi-miniszterium-kiallas,
https://telex.hu/kulfold/2025/10/14/madagaszkar-katonai-hatalomatvetel,
https://telex.hu/kulfold/2025/10/14/izrael-kozel-kelet-hamasz-terroristak-tuszok,
https://telex.hu/kulfold/2025/10/14/eu-europai-unio-tanacsa-chat-control-migracio,
https://telex.hu/kulfold/2025/10/14/eu-europai-parlament-repules-utasjogok,
https://telex.hu/kulfold/2025/10/14/erdogan-meloni-cigi-leszoktatas-macron-egyiptomi-bekecsucs,
https://telex.hu/kulfold/2025/10/14/egyesult-allamok-kalifornia-ultrafeldolgozott-elelmiszer-iskola-menza-tiltas,
https://telex.hu/kulfold/2025/10/14/egyesult-allamok-energiaugyi-miniszterium-mesterseges-intelligencia-robotporno,
https://telex.hu/kulfold/2025/10/14/egyesult-allamok-eltunt-ember-jelolt-helyi-valasztas,
https://telex.hu/kulfold/2025/10/14/donald-tump-volodimir-zelenszkij-talalkozo-washington,
https://telex.hu/kulfold/2025/10/14/cipruson-tul-sok-a-macska,
https://telex.hu/kulfold/2025/10/13/varhelyi-oliver-ursula-von-der-leyen-meghallgatas,
https://telex.hu/kulfold/2025/10/13/szlovakia-vasut-vonat-baleset-utkozes-serultek,
https://telex.hu/kulfold/2025/10/13/szlovaki-vonatbaleset-serultek-terhes-no,
https://telex.hu/kulfold/2025/10/13/szijjarto-peter-reakcio-izrael-hamasz-tuszok,
https://telex.hu/kulfold/2025/10/13/orban-viktor-reakcio-keir-starmer,
https://telex.hu/kulfold/2025/10/13/nicolas-sarkozy-bortonbontetes-oktober-21-bunszovetsegben-valo-reszvetel,
https://telex.hu/kulfold/2025/10/13/nemetorszag-martin-jager-oroszorszag-nato-veszely-konfliktus,
https://telex.hu/kulfold/2025/10/13/nato-gyakorlat-nuklearis-vedelem,
https://telex.hu/kulfold/2025/10/13/moldova-visszavonulas-miniszterelnok-dorin-recean-valasztas,
https://telex.hu/kulfold/2025/10/13/moldav-kormany-oroszorszag-fenyegetes-kreml-ukrajna-katonai-strategia,
https://telex.hu/kulfold/2025/10/13/madagaszkar-andry-rajoelina-elnok-menekules,
https://telex.hu/kulfold/2025/10/13/izraeli-tuszok-lista-hamasz-tuzszunet-gaza,
https://telex.hu/kulfold/2025/10/13/izrael-palesztinok-gaza-rabok-szabadon-engedes,
https://telex.hu/kulfold/2025/10/13/izrael-gaza-palesztin-hamasz-tuszok-donald-trump-benjamin-netanjahu-egyiptom,
https://telex.hu/kulfold/2025/10/13/hamasz-atadja-a-meg-elo-izraeli-tuszokat,
https://telex.hu/kulfold/2025/10/13/francia-kormany-megalakulas-bizalmatlansagi,
https://telex.hu/kulfold/2025/10/13/egyiptom-gazai-ovezet-palesztinok-izrael-trump-konferencia-sarm-es-sejk,
https://telex.hu/kulfold/2025/10/13/egyesult-allamok-massachusetts-repulogep-baleset,
https://telex.hu/kulfold/2025/10/13/donald-trump-kneszet-beszed-megzavaras-izrael-gazai-haboru,
https://telex.hu/kulfold/2025/10/13/donald-trump-izrael-parlament-gaza-tuszok-tuzszunet,
https://telex.hu/kulfold/2025/10/13/donald-trump-izrael-gaza-tuszok,
https://telex.hu/kulfold/2025/10/13/donald-trump-egyiptom-sarm-es-sejk-alairas-palesztin-izrael-gaza,
https://telex.hu/kulfold/2025/10/13/donald-trump-beszed-orban-viktor,
https://telex.hu/kulfold/2025/10/12/zelenszkij-donald-trump-targyalas-raketak-nagy-hatotavolsagu,
https://telex.hu/kulfold/2025/10/12/usa-joe-biden-kezeles-rak,
https://telex.hu/kulfold/2025/10/12/tennessee-gyarrobbanas-aldozatok,
https://telex.hu/kulfold/2025/10/12/szent-peter-bazilika-lepisilt-fiatal-ferfi-gyonasi-oltar,
https://telex.hu/kulfold/2025/10/12/pakisztan-afganisztan-harcok-tamadas-fegyveres-konfliktus,
https://telex.hu/kulfold/2025/10/12/mexiko-tropusi-viharok-pusztitas-41-aldozat,
https://telex.hu/kulfold/2025/10/12/madagaszkar-tuzparancs-katonasag-megtagadas,
https://telex.hu/kulfold/2025/10/12/izrael-gaza-donald-trump-utazas-vasarnap-tuszokkal-talalkozas,
https://telex.hu/kulfold/2025/10/12/gazai-ovezet-zavargasok-fegyveres-leszamolas,
https://telex.hu/kulfold/2025/10/12/galamb-agyontaposas-sultkrumpli-bajor-ferfi-orizetbe-vetel,
https://telex.hu/kulfold/2025/10/12/eu-europai-parlament-sandro-gozi-politikai-reklam-jelentestevo-interju,
https://telex.hu/kulfold/2025/10/12/bassar-el-aszad-sziria-diktator-moszkva-die-zeit-videojatekok,
https://telex.hu/kulfold/2025/10/12/autopalya-sebesseghatar-sebessegkorlatozas-nemetorszag-kozlekedesbiztonsag,
https://telex.hu/kulfold/2025/10/11/zaporizzsjai-atomeromu-aramellatas-helyreallitas,
https://telex.hu/kulfold/2025/10/11/volodimir-zelenszkij-donald-trump-telefonbeszelgetes-orosz-ukran-haboru,
https://telex.hu/kulfold/2025/10/11/palesztina-izrael-gaza-tuzszunet-lakossag,
https://telex.hu/kulfold/2025/10/11/orosz-hibrid-haboru-europa-dronok,
https://telex.hu/kulfold/2025/10/11/nagy-britannia-tony-blair-jeffrey-epstein,
https://telex.hu/kulfold/2025/10/11/lostprophets-ian-watkins-borton-megoltek,
https://telex.hu/kulfold/2025/10/11/kamerun-paul-biya-elnokvalasztas-legidosebb,
https://telex.hu/kulfold/2025/10/11/izrael-tel-aviv-tuszok-tere-tobb-szazezer-ember-eljenzes-donald-trump-steve-witkoff-gazai-haboru-tuzszunet,
https://telex.hu/kulfold/2025/10/11/eszak-korea-80-evfordulo-unnepseg-erodemonstracio-kim-dzsongun,
https://telex.hu/kulfold/2025/10/11/egyesult-allamok-tennessee-loszerraktar,
https://telex.hu/kulfold/2025/10/11/deutsche-welle-lezerfegyver-dronok-kina-izrael,
https://telex.hu/kulfold/2025/10/11/csehorszag-andrej-babis-kormany-megallapodas,
https://telex.hu/kulfold/2025/10/11/brit-amerikai-nato-jarorozes-oroszorszag-ukrajna,
https://telex.hu/kulfold/2025/10/11/arte-olaszorszag-foldkozi-tenger-capa-biodiverzitas-tengerbiologia,
https://telex.hu/kulfold/2025/10/10/xiv-leo-papa-minden-elutasitott-migrans-maga-krisztus,
https://telex.hu/kulfold/2025/10/10/vlagyimir-putyin-oroszorszag-arab-orszagok-csucstalalkozo-lefujva,
https://telex.hu/kulfold/2025/10/10/vadat-emeltek-a-new-york-i-fougyesz-ellen-aki-elitelte-donald-trumpot-letitia-james,
https://telex.hu/kulfold/2025/10/10/szabadka-belgrad-vasut-szerbia-budapest-vonal,
https://telex.hu/kulfold/2025/10/10/sebastian-lecornu-masodszor-bukas-utan-miniszterelnok,
https://telex.hu/kulfold/2025/10/10/ryanair-hat-percre-eleg-uzemanyag-landolas-utan-manchester,
https://telex.hu/kulfold/2025/10/10/oroszorszag-ukrajna-dronok,
https://telex.hu/kulfold/2025/10/10/nobel-bekedij-maria-corina-machado-donald-trump,
https://telex.hu/kulfold/2025/10/10/nobel-bekedij-2025-donald-trump-szudani-segelynyujto-szobak-tippek-oddsok,
https://telex.hu/kulfold/2025/10/10/nobel-bekedij-2025,
https://telex.hu/kulfold/2025/10/10/marokko-madagaszkar-nepal-indonezia-one-piece-kormanyellenes-gen-z-tuntetesek,
https://telex.hu/kulfold/2025/10/10/kreml-nobel-dij-beke-donald-trump-putyin,
https://telex.hu/kulfold/2025/10/10/izrael-kabinet-jovahagyas-hamasz-tuzszunet-tuszok-donald-trump,
https://telex.hu/kulfold/2025/10/10/gaza-izrael-egyesult-allamok-fegyverszunet,
https://telex.hu/kulfold/2025/10/10/eu-europai-parlament-hibrid-hadviseles-oroszorszag-kovetkeztetes,
https://telex.hu/kulfold/2025/10/10/eu-europai-bizottsag-varhelyi-kemkedes-von-der-leyen,
https://telex.hu/kulfold/2025/10/10/eros-foldrenges-razta-meg-a-fulop-szigeteket,
https://telex.hu/kulfold/2025/10/10/donald-trump-nobel-bekedij-reakciok,
https://telex.hu/kulfold/2025/10/10/donald-trump-hszi-csin-ping-talalkozo-lemondas-vamok,
https://telex.hu/kulfold/2025/10/10/donald-trump-finnorszag-alexander-stubb-nato-spanyolorszag,
https://telex.hu/kulfold/2025/10/10/belgium-dron-robbanoanyagok-tamadas-letartoztatas,
https://telex.hu/kulfold/2025/10/10/aramkimaradas-figyelmeztetes-red-electrica-spanyolorszag,
https://telex.hu/kulfold/2025/10/10/a-feher-hazban-nem-birjak-megemeszteni-hogy-nem-trump-kapta-a-nobel-bekedijat,
https://telex.hu/kulfold/2025/10/10/21-ev-holland-tengerpart-aldozat-azonositas,
https://telex.hu/kulfold/2025/10/09/ukrajna-oroszorszag-haboru-tamadas-gaz-vezetek-lukoil,
https://telex.hu/kulfold/2025/10/09/szandekos-gyujtogatas-letartoztatas-kalifornia-erdotuz-los-angeles-tuzvesz,
https://telex.hu/kulfold/2025/10/09/penzhiany-miatt-elbocsatjak-az-ensz-bekefenntartok-negyedet-usa-donald-trump-finanszirozas,
https://telex.hu/kulfold/2025/10/09/new-orleans-borton-szokes-tiz-rab-derrick-groves-utolso-szokeveny-elfogas-atlanta,
https://telex.hu/kulfold/2025/10/09/karib-terseg-egyesult-allamok-kishajo-bombazas-kolumbia-droghaboru,
https://telex.hu/kulfold/2025/10/09/izrael-palesztin-gaza-megallapodas-tuzszunet-beke,
https://telex.hu/kulfold/2025/10/09/izrael-hamasz-egyiptom-sarm-el-sejk-tuzszuneti-egyezmeny-alairasa-gaza,
https://telex.hu/kulfold/2025/10/09/haromnapos-egeszsegugyi-szuresre-utazik-karpataljara-egy-magyar-orvoscsapat,
https://telex.hu/kulfold/2025/10/09/gisele-pelicot-ugy-eroszaktevo-itelet-tiz-ev-bortonbuntetes,
https://telex.hu/kulfold/2025/10/09/friedrich-merz-gyorsitott-allampolgarsag-visszavonas-migracio,
https://telex.hu/kulfold/2025/10/09/eu-kemkedes-allando-kepviselet-europai-bizottsag-europai-parlament,
https://telex.hu/kulfold/2025/10/09/eu-europai-bizottsag-bizalmatlansagi-inditvany-pfe-gue-ngl-szavazas,
https://telex.hu/kulfold/2025/10/09/donald-trump-izrael-hamasz-gazai-bekeegyezmeny-elso-szakasz-megegyezes,
https://telex.hu/kulfold/2025/10/09/brit-konzervativ-part-emberi-jogok-europai-egyezmenye-kilepes,
https://telex.hu/kulfold/2025/10/09/azerbajdzsan-azeri-gep-lelovese-oroszorszag-putyin-azal,
https://telex.hu/kulfold/2025/10/08/xiv-leo-papa-kritika-bevandorlas-kitoloncolas-donald-trump,
https://telex.hu/kulfold/2025/10/08/orvosi-nobel-dij-fred-ramsdell-tura-kirandulas,
https://telex.hu/kulfold/2025/10/08/orosz-ukran-haboru-vlagyimir-putyin-orosz-elorenyomulas,
https://telex.hu/kulfold/2025/10/08/orosz-ukran-haboru-belgorod-ukran-tamadas,
https://telex.hu/kulfold/2025/10/08/nemetorszag-engedelyezik-a-rendorsegnek-a-dronok-leloveset-friderich-merz-kancellar-torveny-oroszorszag,
https://telex.hu/kulfold/2025/10/08/nemet-telepules-polgarmester-keseles-gyanusitott,
https://telex.hu/kulfold/2025/10/08/negyen-meghaltak-madrid-osszeomlott-felujitas-epulet,
https://telex.hu/kulfold/2025/10/08/kimentettek-mount-everest-kinai-oldal-tobb-szaz-turazo-hovihar-rekedt,
https://telex.hu/kulfold/2025/10/08/james-comey-volt-fbi-igazgato-artatlannak-vallotta-magat,
https://telex.hu/kulfold/2025/10/08/franciaorszag-ujabb-kormanyvalsag-sebastian-lecornu-lemondas-macron-nemzetgyules,
https://telex.hu/kulfold/2025/10/08/franciaorszag-kormanyvalsag-koltsegvetes,
https://telex.hu/kulfold/2025/10/08/eu-europai-parlament-hus-vegetarianus,
https://telex.hu/kulfold/2025/10/08/ecuadorban-ot-embert-tartoztattak-le-elnok-elleni-merenyletkiserlet-gyanusitas,
https://telex.hu/kulfold/2025/10/08/donald-trump-amerikai-elnok-chicago-polgarmester-illinois-allam-kormanyzo-borton-ice-bevandorlasi-hivatal-nemzeti-garda,
https://telex.hu/kulfold/2025/10/08/david-hume-aldozatok-halal-fenykep,
https://telex.hu/kulfold/2025/10/08/ausztria-vadaszrepulo-boening-737,
https://telex.hu/kulfold/2025/10/08/arte-lehet-hogy-europanak-komolyan-el-kell-gondolkodnia-a-szupergazdagok-megadoztatasan,
https://telex.hu/kulfold/2025/10/08/arte-does-europe-need-a-super-tax-for-the-super-rich,
https://telex.hu/kulfold/2025/10/08/angela-merkel-partizan-interju-kritika-lengyelorszag-balti-orszagok-orosz-ukran-haboru,
https://telex.hu/kulfold/2025/10/07/xiv-leo-papa-torokorszagba-es-libanonba-megy-az-elso-kulfoldi-utjan,
https://telex.hu/kulfold/2025/10/07/tunezia-facebook-elnoki-kegyelem-saber-chouchane,
https://telex.hu/kulfold/2025/10/07/oroszorszag-ujoncok-fizetes-jutalek,
https://telex.hu/kulfold/2025/10/07/nobel-dijas-idaho-elerhetetlen,
https://telex.hu/kulfold/2025/10/07/megtamadtak-egy-nemet-telepules-frissen-megvalasztott-polgarmesteret-mentohelikopterrel-vittek-korhazba,
https://telex.hu/kulfold/2025/10/07/lezuhant-mentohelikopter-sacramentoban,
https://telex.hu/kulfold/2025/10/07/lettorszag-hatar-ejszakai-legterkorlatozas-oroszorszag,
https://telex.hu/kulfold/2025/10/07/klein-david-nagy-marton-dhaulagiri-expedicio-csucstamadas,
https://telex.hu/kulfold/2025/10/07/izrael-gaza-palesztin-oktober-7-terrortamadas-beke,
https://telex.hu/kulfold/2025/10/07/itelet-magyar-tamado-halalos-tamadas-hauptbanhof-wien,
https://telex.hu/kulfold/2025/10/07/hamasz-izrael-gazai-haboru-masodik-evfordulo-megemlekezesek,
https://telex.hu/kulfold/2025/10/07/eu-europai-parlament-vizummentesseg-felfuggesztes,
https://telex.hu/kulfold/2025/10/07/eu-europai-parlament-magyar-peter-dobrev-klara-mentelmi-jog-szavazas,
https://telex.hu/kulfold/2025/10/07/eu-europai-parlament-ilaria-salis-mentelmi-jog-szavazas,
https://telex.hu/kulfold/2025/10/07/elcserelt-csecsemok-ausztria-35-ev-talalkozas,
https://telex.hu/kulfold/2025/10/07/egyesult-allamok-enderlin-tornado-ef5,
https://telex.hu/kulfold/2025/10/07/donald-trump-usa-belso-zendules-torveny-chicago-portland,
https://telex.hu/kulfold/2025/10/07/donald-trump-tomahawk-oroszorszag-ukrajna-haboru,
https://telex.hu/kulfold/2025/10/07/dick-schoof-holland-miniszterelnok-interju-oroszorszag-dronincidensek,
https://telex.hu/kulfold/2025/10/07/dania-kozossegi-media-betiltas-mette-frederiksen,
https://telex.hu/kulfold/2025/10/07/babis-orban-eu-csehorszag-ano-autosok-patriotak-spd-europai-tanacs,
https://telex.hu/kulfold/2025/10/07/aschaffenburg-mainaschaff-nametorszag-mergezo-gazfelho,
https://telex.hu/kulfold/2025/10/07/a-lengyel-miniszterelnok-szerint-nem-all-erdekukben-atadni-nemetorszagnak-az-eszaki-aramlatot-felrobbanto-ukran-buvart,
https://telex.hu/kulfold/2025/10/07/a-jobbkozep-gyozott-az-olasz-tartomanyi-valasztason-calabriaban,
https://telex.hu/kulfold/2025/10/06/zelenszkij-ukrajna-az-eu-tagja-lesz-akar-orban-viktorral-akar-nelkule,
https://telex.hu/kulfold/2025/10/06/szerbia-szabadka-aleksandar-vucic-pasztor-balint-belgrad-budapest-vasut,
https://telex.hu/kulfold/2025/10/06/oslo-repter-dron-eszleles-norwegian-air,
https://telex.hu/kulfold/2025/10/06/noi-elnok-amerikaban-kutatas-szavazas,
